<?xml version="1.0" ?><gpx xmlns="http://www.topografix.com/GPX/1/1" creator="GaiaGPS" version="1.1" xmlns:xsi="http://www.w3.org/2001/XMLSchema-instance" xsi:schemaLocation="http://www.topografix.com/GPX/1/1 http://www.topografix.com/GPX/1/1/gpx.xsd"><trk><name>Humphreys Peak</name><type>knownroute</type><trkseg>
<trkpt lat="35.331069" lon="-111.71164"><ele>2833.0</ele></trkpt>
<trkpt lat="35.33113" lon="-111.711632"><ele>2833.0</ele></trkpt>
<trkpt lat="35.331272" lon="-111.711625"><ele>2833.0</ele></trkpt>
<trkpt lat="35.331413" lon="-111.711464"><ele>2836.0</ele></trkpt>
<trkpt lat="35.331485" lon="-111.711342"><ele>2837.0</ele></trkpt>
<trkpt lat="35.331562" lon="-111.711297"><ele>2837.0</ele></trkpt>
<trkpt lat="35.331607" lon="-111.71122"><ele>2837.0</ele></trkpt>
<trkpt lat="35.331642" lon="-111.711182"><ele>2837.0</ele></trkpt>
<trkpt lat="35.331691" lon="-111.711136"><ele>2838.0</ele></trkpt>
<trkpt lat="35.331817" lon="-111.711022"><ele>2838.0</ele></trkpt>
<trkpt lat="35.332317" lon="-111.710602"><ele>2840.0</ele></trkpt>
<trkpt lat="35.332447" lon="-111.710511"><ele>2841.0</ele></trkpt>
<trkpt lat="35.333183" lon="-111.710213"><ele>2839.0</ele></trkpt>
<trkpt lat="35.333454" lon="-111.710122"><ele>2842.0</ele></trkpt>
<trkpt lat="35.333675" lon="-111.71"><ele>2845.0</ele></trkpt>
<trkpt lat="35.333801" lon="-111.709954"><ele>2846.0</ele></trkpt>
<trkpt lat="35.333984" lon="-111.709878"><ele>2846.0</ele></trkpt>
<trkpt lat="35.334125" lon="-111.709801"><ele>2845.0</ele></trkpt>
<trkpt lat="35.334289" lon="-111.709748"><ele>2846.0</ele></trkpt>
<trkpt lat="35.334358" lon="-111.70971"><ele>2846.0</ele></trkpt>
<trkpt lat="35.334442" lon="-111.709694"><ele>2846.0</ele></trkpt>
<trkpt lat="35.334533" lon="-111.709656"><ele>2848.0</ele></trkpt>
<trkpt lat="35.334644" lon="-111.70958"><ele>2850.0</ele></trkpt>
<trkpt lat="35.334716" lon="-111.709549"><ele>2851.0</ele></trkpt>
<trkpt lat="35.334774" lon="-111.709488"><ele>2852.0</ele></trkpt>
<trkpt lat="35.334861" lon="-111.709427"><ele>2854.0</ele></trkpt>
<trkpt lat="35.334907" lon="-111.709366"><ele>2855.0</ele></trkpt>
<trkpt lat="35.334983" lon="-111.709321"><ele>2856.0</ele></trkpt>
<trkpt lat="35.335094" lon="-111.709267"><ele>2858.0</ele></trkpt>
<trkpt lat="35.335208" lon="-111.709214"><ele>2860.0</ele></trkpt>
<trkpt lat="35.335369" lon="-111.709214"><ele>2862.0</ele></trkpt>
<trkpt lat="35.335636" lon="-111.709069"><ele>2866.0</ele></trkpt>
<trkpt lat="35.335746" lon="-111.708954"><ele>2869.0</ele></trkpt>
<trkpt lat="35.335899" lon="-111.708832"><ele>2872.0</ele></trkpt>
<trkpt lat="35.335994" lon="-111.708718"><ele>2874.0</ele></trkpt>
<trkpt lat="35.336071" lon="-111.708573"><ele>2875.0</ele></trkpt>
<trkpt lat="35.336193" lon="-111.708489"><ele>2876.0</ele></trkpt>
<trkpt lat="35.336292" lon="-111.70842"><ele>2877.0</ele></trkpt>
<trkpt lat="35.336429" lon="-111.708367"><ele>2878.0</ele></trkpt>
<trkpt lat="35.336647" lon="-111.708268"><ele>2882.0</ele></trkpt>
<trkpt lat="35.336761" lon="-111.708199"><ele>2884.0</ele></trkpt>
<trkpt lat="35.33686" lon="-111.70813"><ele>2886.0</ele></trkpt>
<trkpt lat="35.336944" lon="-111.707985"><ele>2890.0</ele></trkpt>
<trkpt lat="35.337093" lon="-111.707802"><ele>2894.0</ele></trkpt>
<trkpt lat="35.337253" lon="-111.707581"><ele>2897.0</ele></trkpt>
<trkpt lat="35.337432" lon="-111.707299"><ele>2899.0</ele></trkpt>
<trkpt lat="35.33757" lon="-111.706841"><ele>2907.0</ele></trkpt>
<trkpt lat="35.337722" lon="-111.706711"><ele>2908.0</ele></trkpt>
<trkpt lat="35.33794" lon="-111.706345"><ele>2912.0</ele></trkpt>
<trkpt lat="35.337989" lon="-111.706246"><ele>2914.0</ele></trkpt>
<trkpt lat="35.337944" lon="-111.706131"><ele>2916.0</ele></trkpt>
<trkpt lat="35.337821" lon="-111.705971"><ele>2920.0</ele></trkpt>
<trkpt lat="35.337577" lon="-111.70591"><ele>2921.0</ele></trkpt>
<trkpt lat="35.337398" lon="-111.705849"><ele>2923.0</ele></trkpt>
<trkpt lat="35.337238" lon="-111.705704"><ele>2926.0</ele></trkpt>
<trkpt lat="35.337097" lon="-111.705552"><ele>2929.0</ele></trkpt>
<trkpt lat="35.337017" lon="-111.705414"><ele>2931.0</ele></trkpt>
<trkpt lat="35.336936" lon="-111.705315"><ele>2932.0</ele></trkpt>
<trkpt lat="35.336723" lon="-111.705109"><ele>2935.0</ele></trkpt>
<trkpt lat="35.33665" lon="-111.705018"><ele>2937.0</ele></trkpt>
<trkpt lat="35.336563" lon="-111.704926"><ele>2938.0</ele></trkpt>
<trkpt lat="35.33646" lon="-111.704827"><ele>2940.0</ele></trkpt>
<trkpt lat="35.336357" lon="-111.704697"><ele>2942.0</ele></trkpt>
<trkpt lat="35.336307" lon="-111.704545"><ele>2945.0</ele></trkpt>
<trkpt lat="35.336257" lon="-111.704445"><ele>2947.0</ele></trkpt>
<trkpt lat="35.336139" lon="-111.704377"><ele>2949.0</ele></trkpt>
<trkpt lat="35.335884" lon="-111.704278"><ele>2955.0</ele></trkpt>
<trkpt lat="35.335578" lon="-111.704217"><ele>2957.0</ele></trkpt>
<trkpt lat="35.335403" lon="-111.704178"><ele>2959.0</ele></trkpt>
<trkpt lat="35.335174" lon="-111.70411"><ele>2963.0</ele></trkpt>
<trkpt lat="35.334884" lon="-111.704011"><ele>2968.0</ele></trkpt>
<trkpt lat="35.334743" lon="-111.703957"><ele>2970.0</ele></trkpt>
<trkpt lat="35.334636" lon="-111.703919"><ele>2972.0</ele></trkpt>
<trkpt lat="35.334594" lon="-111.703827"><ele>2974.0</ele></trkpt>
<trkpt lat="35.334594" lon="-111.703766"><ele>2976.0</ele></trkpt>
<trkpt lat="35.334594" lon="-111.703698"><ele>2978.0</ele></trkpt>
<trkpt lat="35.334709" lon="-111.703621"><ele>2980.0</ele></trkpt>
<trkpt lat="35.334804" lon="-111.703576"><ele>2980.0</ele></trkpt>
<trkpt lat="35.334884" lon="-111.703461"><ele>2983.0</ele></trkpt>
<trkpt lat="35.335021" lon="-111.703324"><ele>2986.0</ele></trkpt>
<trkpt lat="35.335113" lon="-111.703225"><ele>2988.0</ele></trkpt>
<trkpt lat="35.335254" lon="-111.70308"><ele>2991.0</ele></trkpt>
<trkpt lat="35.335418" lon="-111.702935"><ele>2993.0</ele></trkpt>
<trkpt lat="35.335536" lon="-111.702691"><ele>2999.0</ele></trkpt>
<trkpt lat="35.335674" lon="-111.702515"><ele>3001.0</ele></trkpt>
<trkpt lat="35.3358" lon="-111.702332"><ele>3003.0</ele></trkpt>
<trkpt lat="35.33588" lon="-111.702187"><ele>3005.0</ele></trkpt>
<trkpt lat="35.335971" lon="-111.70192"><ele>3007.0</ele></trkpt>
<trkpt lat="35.336036" lon="-111.701806"><ele>3008.0</ele></trkpt>
<trkpt lat="35.336154" lon="-111.701813"><ele>3006.0</ele></trkpt>
<trkpt lat="35.336261" lon="-111.701806"><ele>3007.0</ele></trkpt>
<trkpt lat="35.336502" lon="-111.701783"><ele>3008.0</ele></trkpt>
<trkpt lat="35.336677" lon="-111.701806"><ele>3009.0</ele></trkpt>
<trkpt lat="35.336811" lon="-111.701829"><ele>3009.0</ele></trkpt>
<trkpt lat="35.336956" lon="-111.701821"><ele>3010.0</ele></trkpt>
<trkpt lat="35.337173" lon="-111.701737"><ele>3014.0</ele></trkpt>
<trkpt lat="35.337455" lon="-111.701623"><ele>3021.0</ele></trkpt>
<trkpt lat="35.337623" lon="-111.701546"><ele>3022.0</ele></trkpt>
<trkpt lat="35.337905" lon="-111.701371"><ele>3025.0</ele></trkpt>
<trkpt lat="35.338031" lon="-111.701272"><ele>3027.0</ele></trkpt>
<trkpt lat="35.338153" lon="-111.701188"><ele>3028.0</ele></trkpt>
<trkpt lat="35.338359" lon="-111.70102"><ele>3032.0</ele></trkpt>
<trkpt lat="35.338508" lon="-111.700951"><ele>3033.0</ele></trkpt>
<trkpt lat="35.338611" lon="-111.700867"><ele>3035.0</ele></trkpt>
<trkpt lat="35.338813" lon="-111.700661"><ele>3040.0</ele></trkpt>
<trkpt lat="35.338901" lon="-111.700547"><ele>3042.0</ele></trkpt>
<trkpt lat="35.338924" lon="-111.700486"><ele>3043.0</ele></trkpt>
<trkpt lat="35.338897" lon="-111.700402"><ele>3045.0</ele></trkpt>
<trkpt lat="35.338851" lon="-111.700326"><ele>3047.0</ele></trkpt>
<trkpt lat="35.338729" lon="-111.700272"><ele>3050.0</ele></trkpt>
<trkpt lat="35.338581" lon="-111.700211"><ele>3052.0</ele></trkpt>
<trkpt lat="35.338459" lon="-111.700165"><ele>3054.0</ele></trkpt>
<trkpt lat="35.338245" lon="-111.700058"><ele>3059.0</ele></trkpt>
<trkpt lat="35.338184" lon="-111.700058"><ele>3060.0</ele></trkpt>
<trkpt lat="35.338027" lon="-111.700058"><ele>3062.0</ele></trkpt>
<trkpt lat="35.337852" lon="-111.70002"><ele>3064.0</ele></trkpt>
<trkpt lat="35.337734" lon="-111.69999"><ele>3065.0</ele></trkpt>
<trkpt lat="35.337615" lon="-111.699936"><ele>3066.0</ele></trkpt>
<trkpt lat="35.33749" lon="-111.699875"><ele>3066.0</ele></trkpt>
<trkpt lat="35.337375" lon="-111.699791"><ele>3067.0</ele></trkpt>
<trkpt lat="35.337234" lon="-111.699738"><ele>3067.0</ele></trkpt>
<trkpt lat="35.337131" lon="-111.699692"><ele>3067.0</ele></trkpt>
<trkpt lat="35.337032" lon="-111.699593"><ele>3069.0</ele></trkpt>
<trkpt lat="35.336914" lon="-111.699509"><ele>3070.0</ele></trkpt>
<trkpt lat="35.336845" lon="-111.69941"><ele>3072.0</ele></trkpt>
<trkpt lat="35.33678" lon="-111.699326"><ele>3072.0</ele></trkpt>
<trkpt lat="35.336723" lon="-111.699189"><ele>3074.0</ele></trkpt>
<trkpt lat="35.336658" lon="-111.699013"><ele>3076.0</ele></trkpt>
<trkpt lat="35.336532" lon="-111.698853"><ele>3079.0</ele></trkpt>
<trkpt lat="35.33649" lon="-111.698769"><ele>3081.0</ele></trkpt>
<trkpt lat="35.33646" lon="-111.698708"><ele>3082.0</ele></trkpt>
<trkpt lat="35.336376" lon="-111.698647"><ele>3084.0</ele></trkpt>
<trkpt lat="35.336292" lon="-111.698594"><ele>3086.0</ele></trkpt>
<trkpt lat="35.336257" lon="-111.698533"><ele>3088.0</ele></trkpt>
<trkpt lat="35.336254" lon="-111.698456"><ele>3091.0</ele></trkpt>
<trkpt lat="35.33625" lon="-111.698365"><ele>3094.0</ele></trkpt>
<trkpt lat="35.336212" lon="-111.69825"><ele>3097.0</ele></trkpt>
<trkpt lat="35.336196" lon="-111.698128"><ele>3100.0</ele></trkpt>
<trkpt lat="35.336158" lon="-111.698113"><ele>3101.0</ele></trkpt>
<trkpt lat="35.336082" lon="-111.698113"><ele>3101.0</ele></trkpt>
<trkpt lat="35.335945" lon="-111.698113"><ele>3103.0</ele></trkpt>
<trkpt lat="35.335815" lon="-111.698151"><ele>3104.0</ele></trkpt>
<trkpt lat="35.335693" lon="-111.698174"><ele>3105.0</ele></trkpt>
<trkpt lat="35.335559" lon="-111.698197"><ele>3107.0</ele></trkpt>
<trkpt lat="35.335231" lon="-111.698311"><ele>3110.0</ele></trkpt>
<trkpt lat="35.335166" lon="-111.698342"><ele>3110.0</ele></trkpt>
<trkpt lat="35.335018" lon="-111.698365"><ele>3113.0</ele></trkpt>
<trkpt lat="35.334865" lon="-111.698357"><ele>3115.0</ele></trkpt>
<trkpt lat="35.33472" lon="-111.698357"><ele>3116.0</ele></trkpt>
<trkpt lat="35.334568" lon="-111.698334"><ele>3117.0</ele></trkpt>
<trkpt lat="35.334457" lon="-111.698304"><ele>3118.0</ele></trkpt>
<trkpt lat="35.334339" lon="-111.69825"><ele>3118.0</ele></trkpt>
<trkpt lat="35.33427" lon="-111.69822"><ele>3119.0</ele></trkpt>
<trkpt lat="35.334041" lon="-111.698067"><ele>3123.0</ele></trkpt>
<trkpt lat="35.33393" lon="-111.697999"><ele>3125.0</ele></trkpt>
<trkpt lat="35.333782" lon="-111.697899"><ele>3126.0</ele></trkpt>
<trkpt lat="35.333648" lon="-111.697823"><ele>3126.0</ele></trkpt>
<trkpt lat="35.333545" lon="-111.697732"><ele>3126.0</ele></trkpt>
<trkpt lat="35.333515" lon="-111.697663"><ele>3126.0</ele></trkpt>
<trkpt lat="35.333538" lon="-111.697587"><ele>3128.0</ele></trkpt>
<trkpt lat="35.333629" lon="-111.697564"><ele>3130.0</ele></trkpt>
<trkpt lat="35.333812" lon="-111.697472"><ele>3135.0</ele></trkpt>
<trkpt lat="35.334033" lon="-111.697426"><ele>3140.0</ele></trkpt>
<trkpt lat="35.334262" lon="-111.697365"><ele>3143.0</ele></trkpt>
<trkpt lat="35.334449" lon="-111.697342"><ele>3144.0</ele></trkpt>
<trkpt lat="35.334667" lon="-111.697236"><ele>3147.0</ele></trkpt>
<trkpt lat="35.334869" lon="-111.697114"><ele>3155.0</ele></trkpt>
<trkpt lat="35.335041" lon="-111.696961"><ele>3161.0</ele></trkpt>
<trkpt lat="35.33514" lon="-111.696808"><ele>3163.0</ele></trkpt>
<trkpt lat="35.33533" lon="-111.696511"><ele>3169.0</ele></trkpt>
<trkpt lat="35.335525" lon="-111.696312"><ele>3171.0</ele></trkpt>
<trkpt lat="35.335716" lon="-111.69619"><ele>3168.0</ele></trkpt>
<trkpt lat="35.335857" lon="-111.696068"><ele>3169.0</ele></trkpt>
<trkpt lat="35.335914" lon="-111.695992"><ele>3170.0</ele></trkpt>
<trkpt lat="35.33599" lon="-111.695878"><ele>3173.0</ele></trkpt>
<trkpt lat="35.336013" lon="-111.695694"><ele>3179.0</ele></trkpt>
<trkpt lat="35.336112" lon="-111.695527"><ele>3185.0</ele></trkpt>
<trkpt lat="35.336181" lon="-111.695443"><ele>3185.0</ele></trkpt>
<trkpt lat="35.336273" lon="-111.695405"><ele>3184.0</ele></trkpt>
<trkpt lat="35.336364" lon="-111.695336"><ele>3184.0</ele></trkpt>
<trkpt lat="35.336483" lon="-111.695221"><ele>3187.0</ele></trkpt>
<trkpt lat="35.336536" lon="-111.695099"><ele>3190.0</ele></trkpt>
<trkpt lat="35.336616" lon="-111.694939"><ele>3194.0</ele></trkpt>
<trkpt lat="35.336631" lon="-111.694832"><ele>3197.0</ele></trkpt>
<trkpt lat="35.336666" lon="-111.694703"><ele>3201.0</ele></trkpt>
<trkpt lat="35.336715" lon="-111.694642"><ele>3204.0</ele></trkpt>
<trkpt lat="35.336784" lon="-111.694665"><ele>3204.0</ele></trkpt>
<trkpt lat="35.33686" lon="-111.694741"><ele>3202.0</ele></trkpt>
<trkpt lat="35.33691" lon="-111.694832"><ele>3200.0</ele></trkpt>
<trkpt lat="35.336959" lon="-111.694893"><ele>3200.0</ele></trkpt>
<trkpt lat="35.33702" lon="-111.694977"><ele>3199.0</ele></trkpt>
<trkpt lat="35.337093" lon="-111.695031"><ele>3200.0</ele></trkpt>
<trkpt lat="35.337158" lon="-111.695069"><ele>3201.0</ele></trkpt>
<trkpt lat="35.337226" lon="-111.695076"><ele>3202.0</ele></trkpt>
<trkpt lat="35.337295" lon="-111.695122"><ele>3203.0</ele></trkpt>
<trkpt lat="35.337482" lon="-111.695229"><ele>3205.0</ele></trkpt>
<trkpt lat="35.337551" lon="-111.695282"><ele>3205.0</ele></trkpt>
<trkpt lat="35.337703" lon="-111.695366"><ele>3204.0</ele></trkpt>
<trkpt lat="35.3381" lon="-111.695344"><ele>3208.0</ele></trkpt>
<trkpt lat="35.338417" lon="-111.69529"><ele>3212.0</ele></trkpt>
<trkpt lat="35.338691" lon="-111.695153"><ele>3218.0</ele></trkpt>
<trkpt lat="35.339069" lon="-111.695054"><ele>3220.0</ele></trkpt>
<trkpt lat="35.339179" lon="-111.694985"><ele>3221.0</ele></trkpt>
<trkpt lat="35.339218" lon="-111.694916"><ele>3224.0</ele></trkpt>
<trkpt lat="35.339202" lon="-111.694817"><ele>3229.0</ele></trkpt>
<trkpt lat="35.339157" lon="-111.694771"><ele>3232.0</ele></trkpt>
<trkpt lat="35.339038" lon="-111.694733"><ele>3236.0</ele></trkpt>
<trkpt lat="35.338912" lon="-111.694657"><ele>3242.0</ele></trkpt>
<trkpt lat="35.338645" lon="-111.694611"><ele>3243.0</ele></trkpt>
<trkpt lat="35.338466" lon="-111.694512"><ele>3246.0</ele></trkpt>
<trkpt lat="35.338333" lon="-111.694443"><ele>3247.0</ele></trkpt>
<trkpt lat="35.338256" lon="-111.694382"><ele>3247.0</ele></trkpt>
<trkpt lat="35.338142" lon="-111.694298"><ele>3247.0</ele></trkpt>
<trkpt lat="35.33805" lon="-111.694268"><ele>3245.0</ele></trkpt>
<trkpt lat="35.33802" lon="-111.694199"><ele>3247.0</ele></trkpt>
<trkpt lat="35.337966" lon="-111.694153"><ele>3247.0</ele></trkpt>
<trkpt lat="35.337902" lon="-111.694062"><ele>3248.0</ele></trkpt>
<trkpt lat="35.33773" lon="-111.693963"><ele>3246.0</ele></trkpt>
<trkpt lat="35.337646" lon="-111.693825"><ele>3249.0</ele></trkpt>
<trkpt lat="35.337505" lon="-111.693551"><ele>3254.0</ele></trkpt>
<trkpt lat="35.337425" lon="-111.693429"><ele>3257.0</ele></trkpt>
<trkpt lat="35.337341" lon="-111.693261"><ele>3261.0</ele></trkpt>
<trkpt lat="35.337295" lon="-111.693116"><ele>3264.0</ele></trkpt>
<trkpt lat="35.337276" lon="-111.693047"><ele>3266.0</ele></trkpt>
<trkpt lat="35.337257" lon="-111.69294"><ele>3268.0</ele></trkpt>
<trkpt lat="35.337226" lon="-111.692849"><ele>3269.0</ele></trkpt>
<trkpt lat="35.33723" lon="-111.69265"><ele>3275.0</ele></trkpt>
<trkpt lat="35.337192" lon="-111.692566"><ele>3278.0</ele></trkpt>
<trkpt lat="35.33715" lon="-111.692559"><ele>3277.0</ele></trkpt>
<trkpt lat="35.337028" lon="-111.692559"><ele>3276.0</ele></trkpt>
<trkpt lat="35.336925" lon="-111.692559"><ele>3276.0</ele></trkpt>
<trkpt lat="35.336864" lon="-111.69249"><ele>3280.0</ele></trkpt>
<trkpt lat="35.336826" lon="-111.692437"><ele>3283.0</ele></trkpt>
<trkpt lat="35.33678" lon="-111.692353"><ele>3287.0</ele></trkpt>
<trkpt lat="35.336708" lon="-111.692315"><ele>3289.0</ele></trkpt>
<trkpt lat="35.33654" lon="-111.692261"><ele>3293.0</ele></trkpt>
<trkpt lat="35.336322" lon="-111.692238"><ele>3296.0</ele></trkpt>
<trkpt lat="35.336029" lon="-111.692338"><ele>3297.0</ele></trkpt>
<trkpt lat="35.3358" lon="-111.69236"><ele>3301.0</ele></trkpt>
<trkpt lat="35.335399" lon="-111.692482"><ele>3305.0</ele></trkpt>
<trkpt lat="35.335254" lon="-111.692544"><ele>3306.0</ele></trkpt>
<trkpt lat="35.335018" lon="-111.692574"><ele>3311.0</ele></trkpt>
<trkpt lat="35.334793" lon="-111.692589"><ele>3311.0</ele></trkpt>
<trkpt lat="35.334621" lon="-111.692605"><ele>3309.0</ele></trkpt>
<trkpt lat="35.334461" lon="-111.692551"><ele>3308.0</ele></trkpt>
<trkpt lat="35.334388" lon="-111.69246"><ele>3309.0</ele></trkpt>
<trkpt lat="35.334415" lon="-111.692345"><ele>3312.0</ele></trkpt>
<trkpt lat="35.334583" lon="-111.692261"><ele>3317.0</ele></trkpt>
<trkpt lat="35.334655" lon="-111.692154"><ele>3321.0</ele></trkpt>
<trkpt lat="35.334819" lon="-111.692063"><ele>3326.0</ele></trkpt>
<trkpt lat="35.334968" lon="-111.691948"><ele>3331.0</ele></trkpt>
<trkpt lat="35.335121" lon="-111.691842"><ele>3334.0</ele></trkpt>
<trkpt lat="35.335247" lon="-111.691742"><ele>3336.0</ele></trkpt>
<trkpt lat="35.335411" lon="-111.691659"><ele>3336.0</ele></trkpt>
<trkpt lat="35.335552" lon="-111.691552"><ele>3337.0</ele></trkpt>
<trkpt lat="35.33567" lon="-111.691483"><ele>3335.0</ele></trkpt>
<trkpt lat="35.335708" lon="-111.69143"><ele>3336.0</ele></trkpt>
<trkpt lat="35.335754" lon="-111.691346"><ele>3338.0</ele></trkpt>
<trkpt lat="35.335807" lon="-111.6913"><ele>3338.0</ele></trkpt>
<trkpt lat="35.335903" lon="-111.691178"><ele>3341.0</ele></trkpt>
<trkpt lat="35.335956" lon="-111.691117"><ele>3342.0</ele></trkpt>
<trkpt lat="35.335998" lon="-111.691109"><ele>3341.0</ele></trkpt>
<trkpt lat="35.336067" lon="-111.691056"><ele>3341.0</ele></trkpt>
<trkpt lat="35.336196" lon="-111.690926"><ele>3344.0</ele></trkpt>
<trkpt lat="35.336246" lon="-111.690873"><ele>3346.0</ele></trkpt>
<trkpt lat="35.336345" lon="-111.690735"><ele>3352.0</ele></trkpt>
<trkpt lat="35.336395" lon="-111.690705"><ele>3353.0</ele></trkpt>
<trkpt lat="35.336479" lon="-111.69069"><ele>3353.0</ele></trkpt>
<trkpt lat="35.336551" lon="-111.690629"><ele>3355.0</ele></trkpt>
<trkpt lat="35.336658" lon="-111.690598"><ele>3356.0</ele></trkpt>
<trkpt lat="35.336765" lon="-111.69056"><ele>3356.0</ele></trkpt>
<trkpt lat="35.336845" lon="-111.690514"><ele>3357.0</ele></trkpt>
<trkpt lat="35.336887" lon="-111.690468"><ele>3359.0</ele></trkpt>
<trkpt lat="35.336902" lon="-111.690423"><ele>3361.0</ele></trkpt>
<trkpt lat="35.336883" lon="-111.690331"><ele>3366.0</ele></trkpt>
<trkpt lat="35.336826" lon="-111.690323"><ele>3367.0</ele></trkpt>
<trkpt lat="35.336738" lon="-111.690346"><ele>3367.0</ele></trkpt>
<trkpt lat="35.336666" lon="-111.690384"><ele>3367.0</ele></trkpt>
<trkpt lat="35.336559" lon="-111.690415"><ele>3367.0</ele></trkpt>
<trkpt lat="35.336418" lon="-111.690453"><ele>3367.0</ele></trkpt>
<trkpt lat="35.336345" lon="-111.690506"><ele>3365.0</ele></trkpt>
<trkpt lat="35.336246" lon="-111.690506"><ele>3367.0</ele></trkpt>
<trkpt lat="35.336128" lon="-111.690514"><ele>3369.0</ele></trkpt>
<trkpt lat="35.336044" lon="-111.690522"><ele>3371.0</ele></trkpt>
<trkpt lat="35.336006" lon="-111.690499"><ele>3373.0</ele></trkpt>
<trkpt lat="35.335903" lon="-111.690499"><ele>3375.0</ele></trkpt>
<trkpt lat="35.335815" lon="-111.690491"><ele>3377.0</ele></trkpt>
<trkpt lat="35.335723" lon="-111.690514"><ele>3376.0</ele></trkpt>
<trkpt lat="35.335681" lon="-111.690476"><ele>3378.0</ele></trkpt>
<trkpt lat="35.335605" lon="-111.690476"><ele>3378.0</ele></trkpt>
<trkpt lat="35.335521" lon="-111.690476"><ele>3378.0</ele></trkpt>
<trkpt lat="35.33538" lon="-111.690491"><ele>3377.0</ele></trkpt>
<trkpt lat="35.335281" lon="-111.690506"><ele>3376.0</ele></trkpt>
<trkpt lat="35.335147" lon="-111.690484"><ele>3380.0</ele></trkpt>
<trkpt lat="35.335086" lon="-111.690461"><ele>3382.0</ele></trkpt>
<trkpt lat="35.334968" lon="-111.690407"><ele>3384.0</ele></trkpt>
<trkpt lat="35.334869" lon="-111.690354"><ele>3383.0</ele></trkpt>
<trkpt lat="35.334789" lon="-111.69027"><ele>3383.0</ele></trkpt>
<trkpt lat="35.334732" lon="-111.690224"><ele>3382.0</ele></trkpt>
<trkpt lat="35.334697" lon="-111.690148"><ele>3383.0</ele></trkpt>
<trkpt lat="35.334648" lon="-111.690003"><ele>3386.0</ele></trkpt>
<trkpt lat="35.33456" lon="-111.689866"><ele>3387.0</ele></trkpt>
<trkpt lat="35.334495" lon="-111.689683"><ele>3389.0</ele></trkpt>
<trkpt lat="35.334445" lon="-111.689477"><ele>3392.0</ele></trkpt>
<trkpt lat="35.334419" lon="-111.689271"><ele>3395.0</ele></trkpt>
<trkpt lat="35.334403" lon="-111.688988"><ele>3400.0</ele></trkpt>
<trkpt lat="35.334396" lon="-111.68882"><ele>3402.0</ele></trkpt>
<trkpt lat="35.334373" lon="-111.688584"><ele>3405.0</ele></trkpt>
<trkpt lat="35.334354" lon="-111.688317"><ele>3409.0</ele></trkpt>
<trkpt lat="35.334304" lon="-111.688088"><ele>3408.0</ele></trkpt>
<trkpt lat="35.334274" lon="-111.687813"><ele>3409.0</ele></trkpt>
<trkpt lat="35.334255" lon="-111.687554"><ele>3411.0</ele></trkpt>
<trkpt lat="35.334224" lon="-111.687386"><ele>3410.0</ele></trkpt>
<trkpt lat="35.334194" lon="-111.687089"><ele>3412.0</ele></trkpt>
<trkpt lat="35.334186" lon="-111.68676"><ele>3418.0</ele></trkpt>
<trkpt lat="35.334194" lon="-111.686623"><ele>3422.0</ele></trkpt>
<trkpt lat="35.33422" lon="-111.686425"><ele>3425.0</ele></trkpt>
<trkpt lat="35.334243" lon="-111.686226"><ele>3428.0</ele></trkpt>
<trkpt lat="35.334236" lon="-111.686112"><ele>3429.0</ele></trkpt>
<trkpt lat="35.334236" lon="-111.685998"><ele>3429.0</ele></trkpt>
<trkpt lat="35.334243" lon="-111.685868"><ele>3431.0</ele></trkpt>
<trkpt lat="35.33422" lon="-111.685761"><ele>3430.0</ele></trkpt>
<trkpt lat="35.334186" lon="-111.685586"><ele>3429.0</ele></trkpt>
<trkpt lat="35.334182" lon="-111.685448"><ele>3429.0</ele></trkpt>
<trkpt lat="35.334197" lon="-111.685364"><ele>3430.0</ele></trkpt>
<trkpt lat="35.334178" lon="-111.68525"><ele>3430.0</ele></trkpt>
<trkpt lat="35.334159" lon="-111.685105"><ele>3432.0</ele></trkpt>
<trkpt lat="35.334125" lon="-111.685021"><ele>3433.0</ele></trkpt>
<trkpt lat="35.334102" lon="-111.684914"><ele>3436.0</ele></trkpt>
<trkpt lat="35.334049" lon="-111.684792"><ele>3439.0</ele></trkpt>
<trkpt lat="35.334007" lon="-111.684662"><ele>3442.0</ele></trkpt>
<trkpt lat="35.333961" lon="-111.684601"><ele>3443.0</ele></trkpt>
<trkpt lat="35.333923" lon="-111.684533"><ele>3444.0</ele></trkpt>
<trkpt lat="35.333881" lon="-111.684495"><ele>3443.0</ele></trkpt>
<trkpt lat="35.333866" lon="-111.684441"><ele>3444.0</ele></trkpt>
<trkpt lat="35.333793" lon="-111.684388"><ele>3445.0</ele></trkpt>
<trkpt lat="35.333755" lon="-111.684327"><ele>3447.0</ele></trkpt>
<trkpt lat="35.333724" lon="-111.684258"><ele>3450.0</ele></trkpt>
<trkpt lat="35.333671" lon="-111.68422"><ele>3450.0</ele></trkpt>
<trkpt lat="35.333633" lon="-111.684159"><ele>3452.0</ele></trkpt>
<trkpt lat="35.33356" lon="-111.684128"><ele>3450.0</ele></trkpt>
<trkpt lat="35.333538" lon="-111.684083"><ele>3452.0</ele></trkpt>
<trkpt lat="35.33348" lon="-111.684083"><ele>3449.0</ele></trkpt>
<trkpt lat="35.333427" lon="-111.684029"><ele>3450.0</ele></trkpt>
<trkpt lat="35.333419" lon="-111.683968"><ele>3454.0</ele></trkpt>
<trkpt lat="35.333454" lon="-111.683945"><ele>3457.0</ele></trkpt>
<trkpt lat="35.333545" lon="-111.68393"><ele>3461.0</ele></trkpt>
<trkpt lat="35.333656" lon="-111.68393"><ele>3465.0</ele></trkpt>
<trkpt lat="35.333732" lon="-111.683915"><ele>3469.0</ele></trkpt>
<trkpt lat="35.333801" lon="-111.683915"><ele>3471.0</ele></trkpt>
<trkpt lat="35.333961" lon="-111.683938"><ele>3475.0</ele></trkpt>
<trkpt lat="35.334087" lon="-111.683938"><ele>3479.0</ele></trkpt>
<trkpt lat="35.334133" lon="-111.683938"><ele>3480.0</ele></trkpt>
<trkpt lat="35.334144" lon="-111.683892"><ele>3482.0</ele></trkpt>
<trkpt lat="35.334125" lon="-111.6838"><ele>3484.0</ele></trkpt>
<trkpt lat="35.334102" lon="-111.683678"><ele>3486.0</ele></trkpt>
<trkpt lat="35.334064" lon="-111.683617"><ele>3486.0</ele></trkpt>
<trkpt lat="35.334033" lon="-111.683556"><ele>3488.0</ele></trkpt>
<trkpt lat="35.333976" lon="-111.683495"><ele>3489.0</ele></trkpt>
<trkpt lat="35.333934" lon="-111.683449"><ele>3491.0</ele></trkpt>
<trkpt lat="35.333854" lon="-111.683365"><ele>3493.0</ele></trkpt>
<trkpt lat="35.333782" lon="-111.68335"><ele>3493.0</ele></trkpt>
<trkpt lat="35.33369" lon="-111.683312"><ele>3495.0</ele></trkpt>
<trkpt lat="35.333629" lon="-111.683297"><ele>3495.0</ele></trkpt>
<trkpt lat="35.333507" lon="-111.683274"><ele>3497.0</ele></trkpt>
<trkpt lat="35.333442" lon="-111.683266"><ele>3498.0</ele></trkpt>
<trkpt lat="35.333377" lon="-111.683236"><ele>3500.0</ele></trkpt>
<trkpt lat="35.333351" lon="-111.683198"><ele>3502.0</ele></trkpt>
<trkpt lat="35.333316" lon="-111.683152"><ele>3505.0</ele></trkpt>
<trkpt lat="35.333358" lon="-111.683106"><ele>3508.0</ele></trkpt>
<trkpt lat="35.333408" lon="-111.68306"><ele>3510.0</ele></trkpt>
<trkpt lat="35.333465" lon="-111.68303"><ele>3512.0</ele></trkpt>
<trkpt lat="35.333553" lon="-111.682984"><ele>3514.0</ele></trkpt>
<trkpt lat="35.333599" lon="-111.682953"><ele>3515.0</ele></trkpt>
<trkpt lat="35.333713" lon="-111.6829"><ele>3518.0</ele></trkpt>
<trkpt lat="35.333732" lon="-111.682839"><ele>3521.0</ele></trkpt>
<trkpt lat="35.333652" lon="-111.682824"><ele>3521.0</ele></trkpt>
<trkpt lat="35.333553" lon="-111.682793"><ele>3522.0</ele></trkpt>
<trkpt lat="35.333442" lon="-111.682793"><ele>3522.0</ele></trkpt>
<trkpt lat="35.33337" lon="-111.682763"><ele>3523.0</ele></trkpt>
<trkpt lat="35.333301" lon="-111.682724"><ele>3523.0</ele></trkpt>
<trkpt lat="35.333255" lon="-111.682663"><ele>3523.0</ele></trkpt>
<trkpt lat="35.333221" lon="-111.68258"><ele>3524.0</ele></trkpt>
<trkpt lat="35.333286" lon="-111.682526"><ele>3529.0</ele></trkpt>
<trkpt lat="35.333316" lon="-111.682465"><ele>3532.0</ele></trkpt>
<trkpt lat="35.333351" lon="-111.682396"><ele>3535.0</ele></trkpt>
<trkpt lat="35.333393" lon="-111.682343"><ele>3537.0</ele></trkpt>
<trkpt lat="35.333358" lon="-111.682305"><ele>3538.0</ele></trkpt>
<trkpt lat="35.333366" lon="-111.682267"><ele>3540.0</ele></trkpt>
<trkpt lat="35.333408" lon="-111.682229"><ele>3541.0</ele></trkpt>
<trkpt lat="35.333454" lon="-111.682206"><ele>3542.0</ele></trkpt>
<trkpt lat="35.333499" lon="-111.682206"><ele>3542.0</ele></trkpt>
<trkpt lat="35.33353" lon="-111.682175"><ele>3544.0</ele></trkpt>
<trkpt lat="35.333633" lon="-111.682145"><ele>3546.0</ele></trkpt>
<trkpt lat="35.333656" lon="-111.682122"><ele>3547.0</ele></trkpt>
<trkpt lat="35.333698" lon="-111.682099"><ele>3549.0</ele></trkpt>
<trkpt lat="35.333744" lon="-111.682084"><ele>3550.0</ele></trkpt>
<trkpt lat="35.333797" lon="-111.682084"><ele>3551.0</ele></trkpt>
<trkpt lat="35.333885" lon="-111.682061"><ele>3554.0</ele></trkpt>
<trkpt lat="35.333927" lon="-111.682045"><ele>3555.0</ele></trkpt>
<trkpt lat="35.333969" lon="-111.682023"><ele>3556.0</ele></trkpt>
<trkpt lat="35.334018" lon="-111.682023"><ele>3557.0</ele></trkpt>
<trkpt lat="35.334064" lon="-111.682023"><ele>3557.0</ele></trkpt>
<trkpt lat="35.334148" lon="-111.682045"><ele>3556.0</ele></trkpt>
<trkpt lat="35.334205" lon="-111.682068"><ele>3557.0</ele></trkpt>
<trkpt lat="35.334236" lon="-111.682068"><ele>3558.0</ele></trkpt>
<trkpt lat="35.334289" lon="-111.682091"><ele>3559.0</ele></trkpt>
<trkpt lat="35.334331" lon="-111.682099"><ele>3560.0</ele></trkpt>
<trkpt lat="35.334384" lon="-111.682091"><ele>3562.0</ele></trkpt>
<trkpt lat="35.334426" lon="-111.682076"><ele>3564.0</ele></trkpt>
<trkpt lat="35.334465" lon="-111.682045"><ele>3566.0</ele></trkpt>
<trkpt lat="35.334503" lon="-111.682053"><ele>3567.0</ele></trkpt>
<trkpt lat="35.334564" lon="-111.682053"><ele>3568.0</ele></trkpt>
<trkpt lat="35.334587" lon="-111.682061"><ele>3569.0</ele></trkpt>
<trkpt lat="35.334629" lon="-111.682038"><ele>3571.0</ele></trkpt>
<trkpt lat="35.334682" lon="-111.682045"><ele>3572.0</ele></trkpt>
<trkpt lat="35.334701" lon="-111.68203"><ele>3573.0</ele></trkpt>
<trkpt lat="35.334732" lon="-111.682"><ele>3575.0</ele></trkpt>
<trkpt lat="35.334781" lon="-111.681984"><ele>3577.0</ele></trkpt>
<trkpt lat="35.334815" lon="-111.681977"><ele>3579.0</ele></trkpt>
<trkpt lat="35.334827" lon="-111.681939"><ele>3581.0</ele></trkpt>
<trkpt lat="35.334869" lon="-111.681962"><ele>3581.0</ele></trkpt>
<trkpt lat="35.33493" lon="-111.681923"><ele>3584.0</ele></trkpt>
<trkpt lat="35.334991" lon="-111.681923"><ele>3586.0</ele></trkpt>
<trkpt lat="35.335048" lon="-111.681916"><ele>3587.0</ele></trkpt>
<trkpt lat="35.335105" lon="-111.681916"><ele>3587.0</ele></trkpt>
<trkpt lat="35.335136" lon="-111.681916"><ele>3587.0</ele></trkpt>
<trkpt lat="35.335227" lon="-111.681916"><ele>3588.0</ele></trkpt>
<trkpt lat="35.335273" lon="-111.681916"><ele>3588.0</ele></trkpt>
<trkpt lat="35.335311" lon="-111.681984"><ele>3588.0</ele></trkpt>
<trkpt lat="35.335376" lon="-111.68203"><ele>3589.0</ele></trkpt>
<trkpt lat="35.335414" lon="-111.68203"><ele>3590.0</ele></trkpt>
<trkpt lat="35.335468" lon="-111.682038"><ele>3591.0</ele></trkpt>
<trkpt lat="35.335494" lon="-111.682076"><ele>3592.0</ele></trkpt>
<trkpt lat="35.335514" lon="-111.682129"><ele>3593.0</ele></trkpt>
<trkpt lat="35.335529" lon="-111.682206"><ele>3595.0</ele></trkpt>
<trkpt lat="35.335559" lon="-111.682274"><ele>3595.0</ele></trkpt>
<trkpt lat="35.335582" lon="-111.68229"><ele>3596.0</ele></trkpt>
<trkpt lat="35.33567" lon="-111.682335"><ele>3598.0</ele></trkpt>
<trkpt lat="35.335708" lon="-111.682366"><ele>3599.0</ele></trkpt>
<trkpt lat="35.335742" lon="-111.682427"><ele>3600.0</ele></trkpt>
<trkpt lat="35.335769" lon="-111.682488"><ele>3600.0</ele></trkpt>
<trkpt lat="35.335811" lon="-111.682511"><ele>3602.0</ele></trkpt>
<trkpt lat="35.335842" lon="-111.682526"><ele>3603.0</ele></trkpt>
<trkpt lat="35.335872" lon="-111.682526"><ele>3603.0</ele></trkpt>
<trkpt lat="35.335899" lon="-111.682564"><ele>3604.0</ele></trkpt>
<trkpt lat="35.335968" lon="-111.682625"><ele>3605.0</ele></trkpt>
<trkpt lat="35.336006" lon="-111.682679"><ele>3606.0</ele></trkpt>
<trkpt lat="35.336036" lon="-111.682694"><ele>3607.0</ele></trkpt>
<trkpt lat="35.336067" lon="-111.682709"><ele>3608.0</ele></trkpt>
<trkpt lat="35.336097" lon="-111.682732"><ele>3609.0</ele></trkpt>
<trkpt lat="35.336124" lon="-111.682793"><ele>3610.0</ele></trkpt>
<trkpt lat="35.336162" lon="-111.682793"><ele>3612.0</ele></trkpt>
<trkpt lat="35.336204" lon="-111.682778"><ele>3614.0</ele></trkpt>
<trkpt lat="35.336261" lon="-111.682801"><ele>3617.0</ele></trkpt>
<trkpt lat="35.336299" lon="-111.682831"><ele>3619.0</ele></trkpt>
<trkpt lat="35.336357" lon="-111.682892"><ele>3622.0</ele></trkpt>
<trkpt lat="35.336399" lon="-111.682969"><ele>3625.0</ele></trkpt>
<trkpt lat="35.336421" lon="-111.683022"><ele>3626.0</ele></trkpt>
<trkpt lat="35.336452" lon="-111.683053"><ele>3628.0</ele></trkpt>
<trkpt lat="35.336486" lon="-111.683106"><ele>3629.0</ele></trkpt>
<trkpt lat="35.336536" lon="-111.683167"><ele>3631.0</ele></trkpt>
<trkpt lat="35.336578" lon="-111.683205"><ele>3632.0</ele></trkpt>
<trkpt lat="35.336624" lon="-111.683297"><ele>3634.0</ele></trkpt>
<trkpt lat="35.33665" lon="-111.683327"><ele>3635.0</ele></trkpt>
<trkpt lat="35.336727" lon="-111.683342"><ele>3639.0</ele></trkpt>
<trkpt lat="35.336765" lon="-111.683373"><ele>3640.0</ele></trkpt>
<trkpt lat="35.336803" lon="-111.683411"><ele>3641.0</ele></trkpt>
<trkpt lat="35.336853" lon="-111.68348"><ele>3642.0</ele></trkpt>
<trkpt lat="35.336875" lon="-111.683556"><ele>3642.0</ele></trkpt>
<trkpt lat="35.336933" lon="-111.683602"><ele>3645.0</ele></trkpt>
<trkpt lat="35.336971" lon="-111.68361"><ele>3646.0</ele></trkpt>
<trkpt lat="35.336971" lon="-111.683564"><ele>3647.0</ele></trkpt>
<trkpt lat="35.336956" lon="-111.683495"><ele>3647.0</ele></trkpt>
<trkpt lat="35.336975" lon="-111.683457"><ele>3649.0</ele></trkpt>
<trkpt lat="35.337032" lon="-111.683526"><ele>3650.0</ele></trkpt>
<trkpt lat="35.337039" lon="-111.683625"><ele>3649.0</ele></trkpt>
<trkpt lat="35.337116" lon="-111.683739"><ele>3650.0</ele></trkpt>
<trkpt lat="35.337146" lon="-111.683777"><ele>3650.0</ele></trkpt>
<trkpt lat="35.33715" lon="-111.683838"><ele>3649.0</ele></trkpt>
<trkpt lat="35.337207" lon="-111.683838"><ele>3652.0</ele></trkpt>
<trkpt lat="35.337249" lon="-111.6838"><ele>3654.0</ele></trkpt>
<trkpt lat="35.337295" lon="-111.683823"><ele>3655.0</ele></trkpt>
<trkpt lat="35.337352" lon="-111.683854"><ele>3656.0</ele></trkpt>
<trkpt lat="35.337398" lon="-111.683854"><ele>3657.0</ele></trkpt>
<trkpt lat="35.337482" lon="-111.683838"><ele>3660.0</ele></trkpt>
<trkpt lat="35.337535" lon="-111.683831"><ele>3661.0</ele></trkpt>
<trkpt lat="35.337589" lon="-111.683808"><ele>3662.0</ele></trkpt>
<trkpt lat="35.337646" lon="-111.683785"><ele>3663.0</ele></trkpt>
<trkpt lat="35.337688" lon="-111.683754"><ele>3664.0</ele></trkpt>
<trkpt lat="35.337764" lon="-111.683732"><ele>3666.0</ele></trkpt>
<trkpt lat="35.337806" lon="-111.683732"><ele>3666.0</ele></trkpt>
<trkpt lat="35.337856" lon="-111.683739"><ele>3666.0</ele></trkpt>
<trkpt lat="35.337936" lon="-111.683747"><ele>3666.0</ele></trkpt>
<trkpt lat="35.33797" lon="-111.683747"><ele>3666.0</ele></trkpt>
<trkpt lat="35.338005" lon="-111.683716"><ele>3667.0</ele></trkpt>
<trkpt lat="35.338077" lon="-111.683701"><ele>3667.0</ele></trkpt>
<trkpt lat="35.338138" lon="-111.683701"><ele>3667.0</ele></trkpt>
<trkpt lat="35.338199" lon="-111.683686"><ele>3666.0</ele></trkpt>
<trkpt lat="35.338237" lon="-111.683655"><ele>3667.0</ele></trkpt>
<trkpt lat="35.338298" lon="-111.683625"><ele>3667.0</ele></trkpt>
<trkpt lat="35.338352" lon="-111.68361"><ele>3667.0</ele></trkpt>
<trkpt lat="35.338413" lon="-111.683587"><ele>3665.0</ele></trkpt>
<trkpt lat="35.338451" lon="-111.683556"><ele>3665.0</ele></trkpt>
<trkpt lat="35.338478" lon="-111.683556"><ele>3664.0</ele></trkpt>
<trkpt lat="35.338512" lon="-111.683579"><ele>3664.0</ele></trkpt>
<trkpt lat="35.338573" lon="-111.683587"><ele>3663.0</ele></trkpt>
<trkpt lat="35.338611" lon="-111.683587"><ele>3662.0</ele></trkpt>
<trkpt lat="35.338668" lon="-111.683571"><ele>3662.0</ele></trkpt>
<trkpt lat="35.338703" lon="-111.683548"><ele>3661.0</ele></trkpt>
<trkpt lat="35.338752" lon="-111.683541"><ele>3661.0</ele></trkpt>
<trkpt lat="35.338787" lon="-111.68351"><ele>3661.0</ele></trkpt>
<trkpt lat="35.338817" lon="-111.683465"><ele>3661.0</ele></trkpt>
<trkpt lat="35.338855" lon="-111.683442"><ele>3660.0</ele></trkpt>
<trkpt lat="35.338916" lon="-111.683434"><ele>3661.0</ele></trkpt>
<trkpt lat="35.338993" lon="-111.683419"><ele>3662.0</ele></trkpt>
<trkpt lat="35.339027" lon="-111.683411"><ele>3662.0</ele></trkpt>
<trkpt lat="35.33905" lon="-111.683457"><ele>3663.0</ele></trkpt>
<trkpt lat="35.339088" lon="-111.683465"><ele>3664.0</ele></trkpt>
<trkpt lat="35.339138" lon="-111.683487"><ele>3665.0</ele></trkpt>
<trkpt lat="35.339187" lon="-111.683487"><ele>3666.0</ele></trkpt>
<trkpt lat="35.339214" lon="-111.683503"><ele>3667.0</ele></trkpt>
<trkpt lat="35.339248" lon="-111.68351"><ele>3669.0</ele></trkpt>
<trkpt lat="35.339267" lon="-111.68348"><ele>3669.0</ele></trkpt>
<trkpt lat="35.339294" lon="-111.683503"><ele>3670.0</ele></trkpt>
<trkpt lat="35.339344" lon="-111.683495"><ele>3671.0</ele></trkpt>
<trkpt lat="35.33937" lon="-111.683526"><ele>3672.0</ele></trkpt>
<trkpt lat="35.339427" lon="-111.683533"><ele>3674.0</ele></trkpt>
<trkpt lat="35.339481" lon="-111.683548"><ele>3675.0</ele></trkpt>
<trkpt lat="35.339515" lon="-111.683564"><ele>3676.0</ele></trkpt>
<trkpt lat="35.339534" lon="-111.683548"><ele>3677.0</ele></trkpt>
<trkpt lat="35.339572" lon="-111.683556"><ele>3678.0</ele></trkpt>
<trkpt lat="35.339614" lon="-111.683564"><ele>3679.0</ele></trkpt>
<trkpt lat="35.339649" lon="-111.683548"><ele>3680.0</ele></trkpt>
<trkpt lat="35.339702" lon="-111.683556"><ele>3682.0</ele></trkpt>
<trkpt lat="35.339752" lon="-111.683579"><ele>3683.0</ele></trkpt>
<trkpt lat="35.339782" lon="-111.683564"><ele>3685.0</ele></trkpt>
<trkpt lat="35.339817" lon="-111.683564"><ele>3686.0</ele></trkpt>
<trkpt lat="35.339843" lon="-111.683579"><ele>3687.0</ele></trkpt>
<trkpt lat="35.339862" lon="-111.683564"><ele>3688.0</ele></trkpt>
<trkpt lat="35.339912" lon="-111.683571"><ele>3690.0</ele></trkpt>
<trkpt lat="35.339939" lon="-111.683594"><ele>3691.0</ele></trkpt>
<trkpt lat="35.339965" lon="-111.683594"><ele>3692.0</ele></trkpt>
<trkpt lat="35.340003" lon="-111.683594"><ele>3694.0</ele></trkpt>
<trkpt lat="35.340049" lon="-111.683594"><ele>3696.0</ele></trkpt>
<trkpt lat="35.340095" lon="-111.683594"><ele>3698.0</ele></trkpt>
<trkpt lat="35.340141" lon="-111.683587"><ele>3700.0</ele></trkpt>
<trkpt lat="35.340179" lon="-111.683587"><ele>3702.0</ele></trkpt>
<trkpt lat="35.340206" lon="-111.683571"><ele>3704.0</ele></trkpt>
<trkpt lat="35.340259" lon="-111.683541"><ele>3707.0</ele></trkpt>
<trkpt lat="35.34029" lon="-111.683541"><ele>3708.0</ele></trkpt>
<trkpt lat="35.340328" lon="-111.683564"><ele>3709.0</ele></trkpt>
<trkpt lat="35.340351" lon="-111.683571"><ele>3710.0</ele></trkpt>
<trkpt lat="35.340373" lon="-111.683533"><ele>3711.0</ele></trkpt>
<trkpt lat="35.340396" lon="-111.683541"><ele>3712.0</ele></trkpt>
<trkpt lat="35.340423" lon="-111.683533"><ele>3713.0</ele></trkpt>
<trkpt lat="35.340442" lon="-111.68351"><ele>3714.0</ele></trkpt>
<trkpt lat="35.340473" lon="-111.68351"><ele>3715.0</ele></trkpt>
<trkpt lat="35.340522" lon="-111.683487"><ele>3718.0</ele></trkpt>
<trkpt lat="35.340564" lon="-111.683487"><ele>3719.0</ele></trkpt>
<trkpt lat="35.340606" lon="-111.683472"><ele>3720.0</ele></trkpt>
<trkpt lat="35.340621" lon="-111.683487"><ele>3720.0</ele></trkpt>
<trkpt lat="35.340652" lon="-111.683487"><ele>3720.0</ele></trkpt>
<trkpt lat="35.340667" lon="-111.683487"><ele>3720.0</ele></trkpt>
<trkpt lat="35.34069" lon="-111.683457"><ele>3721.0</ele></trkpt>
<trkpt lat="35.340732" lon="-111.683457"><ele>3722.0</ele></trkpt>
<trkpt lat="35.340782" lon="-111.683457"><ele>3723.0</ele></trkpt>
<trkpt lat="35.340839" lon="-111.683457"><ele>3723.0</ele></trkpt>
<trkpt lat="35.340869" lon="-111.683442"><ele>3723.0</ele></trkpt>
<trkpt lat="35.340888" lon="-111.683396"><ele>3724.0</ele></trkpt>
<trkpt lat="35.340888" lon="-111.683342"><ele>3726.0</ele></trkpt>
<trkpt lat="35.340877" lon="-111.683289"><ele>3727.0</ele></trkpt>
<trkpt lat="35.3409" lon="-111.683243"><ele>3727.0</ele></trkpt>
<trkpt lat="35.34095" lon="-111.683198"><ele>3727.0</ele></trkpt>
<trkpt lat="35.340972" lon="-111.683175"><ele>3728.0</ele></trkpt>
<trkpt lat="35.340999" lon="-111.683144"><ele>3728.0</ele></trkpt>
<trkpt lat="35.341007" lon="-111.683091"><ele>3729.0</ele></trkpt>
<trkpt lat="35.34103" lon="-111.683037"><ele>3730.0</ele></trkpt>
<trkpt lat="35.341049" lon="-111.683014"><ele>3730.0</ele></trkpt>
<trkpt lat="35.341053" lon="-111.682984"><ele>3730.0</ele></trkpt>
<trkpt lat="35.341075" lon="-111.68293"><ele>3731.0</ele></trkpt>
<trkpt lat="35.341098" lon="-111.682908"><ele>3731.0</ele></trkpt>
<trkpt lat="35.341125" lon="-111.682877"><ele>3732.0</ele></trkpt>
<trkpt lat="35.341159" lon="-111.682877"><ele>3732.0</ele></trkpt>
<trkpt lat="35.341182" lon="-111.682862"><ele>3732.0</ele></trkpt>
<trkpt lat="35.341213" lon="-111.682824"><ele>3733.0</ele></trkpt>
<trkpt lat="35.341243" lon="-111.682824"><ele>3733.0</ele></trkpt>
<trkpt lat="35.341255" lon="-111.682847"><ele>3733.0</ele></trkpt>
<trkpt lat="35.341278" lon="-111.682847"><ele>3733.0</ele></trkpt>
<trkpt lat="35.341312" lon="-111.682847"><ele>3733.0</ele></trkpt>
<trkpt lat="35.341327" lon="-111.682824"><ele>3734.0</ele></trkpt>
<trkpt lat="35.341354" lon="-111.682816"><ele>3735.0</ele></trkpt>
<trkpt lat="35.341365" lon="-111.682793"><ele>3735.0</ele></trkpt>
<trkpt lat="35.341403" lon="-111.682778"><ele>3736.0</ele></trkpt>
<trkpt lat="35.341426" lon="-111.682747"><ele>3736.0</ele></trkpt>
<trkpt lat="35.341453" lon="-111.682686"><ele>3738.0</ele></trkpt>
<trkpt lat="35.341484" lon="-111.682648"><ele>3738.0</ele></trkpt>
<trkpt lat="35.34151" lon="-111.682625"><ele>3739.0</ele></trkpt>
<trkpt lat="35.341526" lon="-111.682595"><ele>3740.0</ele></trkpt>
<trkpt lat="35.341575" lon="-111.682557"><ele>3741.0</ele></trkpt>
<trkpt lat="35.341606" lon="-111.682534"><ele>3742.0</ele></trkpt>
<trkpt lat="35.341617" lon="-111.68248"><ele>3743.0</ele></trkpt>
<trkpt lat="35.341636" lon="-111.682457"><ele>3743.0</ele></trkpt>
<trkpt lat="35.341659" lon="-111.682419"><ele>3744.0</ele></trkpt>
<trkpt lat="35.341667" lon="-111.682389"><ele>3745.0</ele></trkpt>
<trkpt lat="35.341705" lon="-111.682374"><ele>3745.0</ele></trkpt>
<trkpt lat="35.341739" lon="-111.682351"><ele>3746.0</ele></trkpt>
<trkpt lat="35.341762" lon="-111.682305"><ele>3747.0</ele></trkpt>
<trkpt lat="35.341785" lon="-111.682282"><ele>3748.0</ele></trkpt>
<trkpt lat="35.341835" lon="-111.682259"><ele>3750.0</ele></trkpt>
<trkpt lat="35.341869" lon="-111.682259"><ele>3751.0</ele></trkpt>
<trkpt lat="35.341911" lon="-111.682221"><ele>3753.0</ele></trkpt>
<trkpt lat="35.341945" lon="-111.682183"><ele>3754.0</ele></trkpt>
<trkpt lat="35.341979" lon="-111.68216"><ele>3755.0</ele></trkpt>
<trkpt lat="35.342006" lon="-111.682137"><ele>3755.0</ele></trkpt>
<trkpt lat="35.342044" lon="-111.682129"><ele>3756.0</ele></trkpt>
<trkpt lat="35.342079" lon="-111.682114"><ele>3756.0</ele></trkpt>
<trkpt lat="35.342086" lon="-111.682061"><ele>3757.0</ele></trkpt>
<trkpt lat="35.342113" lon="-111.682038"><ele>3758.0</ele></trkpt>
<trkpt lat="35.342147" lon="-111.682038"><ele>3759.0</ele></trkpt>
<trkpt lat="35.342178" lon="-111.682015"><ele>3760.0</ele></trkpt>
<trkpt lat="35.342208" lon="-111.682"><ele>3761.0</ele></trkpt>
<trkpt lat="35.34225" lon="-111.681992"><ele>3762.0</ele></trkpt>
<trkpt lat="35.342304" lon="-111.681969"><ele>3763.0</ele></trkpt>
<trkpt lat="35.34233" lon="-111.681946"><ele>3763.0</ele></trkpt>
<trkpt lat="35.342342" lon="-111.681885"><ele>3764.0</ele></trkpt>
<trkpt lat="35.342357" lon="-111.681855"><ele>3765.0</ele></trkpt>
<trkpt lat="35.342372" lon="-111.681824"><ele>3766.0</ele></trkpt>
<trkpt lat="35.342418" lon="-111.681817"><ele>3767.0</ele></trkpt>
<trkpt lat="35.342453" lon="-111.681817"><ele>3767.0</ele></trkpt>
<trkpt lat="35.342479" lon="-111.681778"><ele>3768.0</ele></trkpt>
<trkpt lat="35.342521" lon="-111.681748"><ele>3770.0</ele></trkpt>
<trkpt lat="35.342571" lon="-111.681733"><ele>3771.0</ele></trkpt>
<trkpt lat="35.342613" lon="-111.681717"><ele>3771.0</ele></trkpt>
<trkpt lat="35.342643" lon="-111.681649"><ele>3774.0</ele></trkpt>
<trkpt lat="35.34267" lon="-111.681603"><ele>3775.0</ele></trkpt>
<trkpt lat="35.342697" lon="-111.68158"><ele>3776.0</ele></trkpt>
<trkpt lat="35.342731" lon="-111.681565"><ele>3777.0</ele></trkpt>
<trkpt lat="35.34275" lon="-111.681519"><ele>3778.0</ele></trkpt>
<trkpt lat="35.342803" lon="-111.681481"><ele>3779.0</ele></trkpt>
<trkpt lat="35.342819" lon="-111.68142"><ele>3780.0</ele></trkpt>
<trkpt lat="35.342853" lon="-111.681351"><ele>3779.0</ele></trkpt>
<trkpt lat="35.342853" lon="-111.681298"><ele>3780.0</ele></trkpt>
<trkpt lat="35.342864" lon="-111.681229"><ele>3780.0</ele></trkpt>
<trkpt lat="35.342876" lon="-111.681183"><ele>3780.0</ele></trkpt>
<trkpt lat="35.342891" lon="-111.681138"><ele>3780.0</ele></trkpt>
<trkpt lat="35.34288" lon="-111.681092"><ele>3781.0</ele></trkpt>
<trkpt lat="35.342884" lon="-111.681038"><ele>3781.0</ele></trkpt>
<trkpt lat="35.342899" lon="-111.680962"><ele>3782.0</ele></trkpt>
<trkpt lat="35.342906" lon="-111.680901"><ele>3782.0</ele></trkpt>
<trkpt lat="35.342941" lon="-111.680871"><ele>3783.0</ele></trkpt>
<trkpt lat="35.342967" lon="-111.680848"><ele>3783.0</ele></trkpt>
<trkpt lat="35.342971" lon="-111.680825"><ele>3784.0</ele></trkpt>
<trkpt lat="35.342971" lon="-111.680771"><ele>3783.0</ele></trkpt>
<trkpt lat="35.342987" lon="-111.680764"><ele>3784.0</ele></trkpt>
<trkpt lat="35.343013" lon="-111.680718"><ele>3784.0</ele></trkpt>
<trkpt lat="35.34304" lon="-111.680687"><ele>3785.0</ele></trkpt>
<trkpt lat="35.34304" lon="-111.680634"><ele>3785.0</ele></trkpt>
<trkpt lat="35.343063" lon="-111.680619"><ele>3785.0</ele></trkpt>
<trkpt lat="35.343101" lon="-111.680588"><ele>3785.0</ele></trkpt>
<trkpt lat="35.343132" lon="-111.680573"><ele>3785.0</ele></trkpt>
<trkpt lat="35.343166" lon="-111.680542"><ele>3785.0</ele></trkpt>
<trkpt lat="35.343181" lon="-111.68052"><ele>3785.0</ele></trkpt>
<trkpt lat="35.343189" lon="-111.680474"><ele>3785.0</ele></trkpt>
<trkpt lat="35.343219" lon="-111.680443"><ele>3784.0</ele></trkpt>
<trkpt lat="35.343242" lon="-111.680413"><ele>3784.0</ele></trkpt>
<trkpt lat="35.343276" lon="-111.68039"><ele>3785.0</ele></trkpt>
<trkpt lat="35.343311" lon="-111.680367"><ele>3785.0</ele></trkpt>
<trkpt lat="35.343315" lon="-111.680321"><ele>3785.0</ele></trkpt>
<trkpt lat="35.343338" lon="-111.680253"><ele>3785.0</ele></trkpt>
<trkpt lat="35.343357" lon="-111.680207"><ele>3785.0</ele></trkpt>
<trkpt lat="35.343383" lon="-111.680199"><ele>3785.0</ele></trkpt>
<trkpt lat="35.343406" lon="-111.680176"><ele>3786.0</ele></trkpt>
<trkpt lat="35.343418" lon="-111.680131"><ele>3786.0</ele></trkpt>
<trkpt lat="35.343456" lon="-111.680131"><ele>3786.0</ele></trkpt>
<trkpt lat="35.343463" lon="-111.680077"><ele>3787.0</ele></trkpt>
<trkpt lat="35.343509" lon="-111.680024"><ele>3788.0</ele></trkpt>
<trkpt lat="35.343536" lon="-111.680024"><ele>3789.0</ele></trkpt>
<trkpt lat="35.343547" lon="-111.679986"><ele>3789.0</ele></trkpt>
<trkpt lat="35.343566" lon="-111.67994"><ele>3790.0</ele></trkpt>
<trkpt lat="35.343597" lon="-111.679932"><ele>3791.0</ele></trkpt>
<trkpt lat="35.343616" lon="-111.679848"><ele>3792.0</ele></trkpt>
<trkpt lat="35.343627" lon="-111.679818"><ele>3793.0</ele></trkpt>
<trkpt lat="35.343662" lon="-111.679772"><ele>3793.0</ele></trkpt>
<trkpt lat="35.343711" lon="-111.679741"><ele>3794.0</ele></trkpt>
<trkpt lat="35.343757" lon="-111.679688"><ele>3794.0</ele></trkpt>
<trkpt lat="35.343795" lon="-111.679635"><ele>3795.0</ele></trkpt>
<trkpt lat="35.343837" lon="-111.679619"><ele>3796.0</ele></trkpt>
<trkpt lat="35.343875" lon="-111.679596"><ele>3797.0</ele></trkpt>
<trkpt lat="35.343879" lon="-111.679543"><ele>3798.0</ele></trkpt>
<trkpt lat="35.343894" lon="-111.679505"><ele>3799.0</ele></trkpt>
<trkpt lat="35.343933" lon="-111.679474"><ele>3799.0</ele></trkpt>
<trkpt lat="35.343959" lon="-111.679436"><ele>3800.0</ele></trkpt>
<trkpt lat="35.343975" lon="-111.67939"><ele>3801.0</ele></trkpt>
<trkpt lat="35.344009" lon="-111.679375"><ele>3802.0</ele></trkpt>
<trkpt lat="35.344039" lon="-111.67936"><ele>3802.0</ele></trkpt>
<trkpt lat="35.344039" lon="-111.679314"><ele>3803.0</ele></trkpt>
<trkpt lat="35.344062" lon="-111.679284"><ele>3804.0</ele></trkpt>
<trkpt lat="35.344097" lon="-111.679276"><ele>3804.0</ele></trkpt>
<trkpt lat="35.344146" lon="-111.679268"><ele>3805.0</ele></trkpt>
<trkpt lat="35.344192" lon="-111.679276"><ele>3805.0</ele></trkpt>
<trkpt lat="35.34423" lon="-111.679238"><ele>3806.0</ele></trkpt>
<trkpt lat="35.344257" lon="-111.679215"><ele>3807.0</ele></trkpt>
<trkpt lat="35.344295" lon="-111.679162"><ele>3808.0</ele></trkpt>
<trkpt lat="35.344314" lon="-111.679116"><ele>3809.0</ele></trkpt>
<trkpt lat="35.344387" lon="-111.679078"><ele>3810.0</ele></trkpt>
<trkpt lat="35.344448" lon="-111.679047"><ele>3811.0</ele></trkpt>
<trkpt lat="35.34449" lon="-111.679009"><ele>3812.0</ele></trkpt>
<trkpt lat="35.344524" lon="-111.678978"><ele>3812.0</ele></trkpt>
<trkpt lat="35.344547" lon="-111.678902"><ele>3815.0</ele></trkpt>
<trkpt lat="35.344528" lon="-111.678864"><ele>3815.0</ele></trkpt>
<trkpt lat="35.344486" lon="-111.678834"><ele>3816.0</ele></trkpt>
<trkpt lat="35.344463" lon="-111.678803"><ele>3816.0</ele></trkpt>
<trkpt lat="35.344459" lon="-111.678765"><ele>3816.0</ele></trkpt>
<trkpt lat="35.344474" lon="-111.67875"><ele>3816.0</ele></trkpt>
<trkpt lat="35.344543" lon="-111.678727"><ele>3817.0</ele></trkpt>
<trkpt lat="35.344581" lon="-111.678711"><ele>3817.0</ele></trkpt>
<trkpt lat="35.344635" lon="-111.678673"><ele>3817.0</ele></trkpt>
<trkpt lat="35.344665" lon="-111.678612"><ele>3817.0</ele></trkpt>
<trkpt lat="35.344722" lon="-111.678574"><ele>3816.0</ele></trkpt>
<trkpt lat="35.344783" lon="-111.678498"><ele>3815.0</ele></trkpt>
<trkpt lat="35.344829" lon="-111.678444"><ele>3815.0</ele></trkpt>
<trkpt lat="35.344871" lon="-111.678429"><ele>3815.0</ele></trkpt>
<trkpt lat="35.344928" lon="-111.678391"><ele>3815.0</ele></trkpt>
<trkpt lat="35.344993" lon="-111.67836"><ele>3816.0</ele></trkpt>
<trkpt lat="35.345031" lon="-111.678345"><ele>3816.0</ele></trkpt>
<trkpt lat="35.345062" lon="-111.678353"><ele>3817.0</ele></trkpt>
<trkpt lat="35.345119" lon="-111.678353"><ele>3817.0</ele></trkpt>
<trkpt lat="35.345149" lon="-111.678338"><ele>3818.0</ele></trkpt>
<trkpt lat="35.345195" lon="-111.678338"><ele>3819.0</ele></trkpt>
<trkpt lat="35.345218" lon="-111.678322"><ele>3819.0</ele></trkpt>
<trkpt lat="35.345268" lon="-111.678277"><ele>3820.0</ele></trkpt>
<trkpt lat="35.345298" lon="-111.678231"><ele>3820.0</ele></trkpt>
<trkpt lat="35.345321" lon="-111.678216"><ele>3821.0</ele></trkpt>
<trkpt lat="35.34539" lon="-111.678216"><ele>3822.0</ele></trkpt>
<trkpt lat="35.345447" lon="-111.678208"><ele>3823.0</ele></trkpt>
<trkpt lat="35.345508" lon="-111.678185"><ele>3825.0</ele></trkpt>
<trkpt lat="35.345558" lon="-111.678162"><ele>3826.0</ele></trkpt>
<trkpt lat="35.345623" lon="-111.678154"><ele>3827.0</ele></trkpt>
<trkpt lat="35.345668" lon="-111.678147"><ele>3828.0</ele></trkpt>
<trkpt lat="35.34576" lon="-111.678101"><ele>3830.0</ele></trkpt>
<trkpt lat="35.345855" lon="-111.678078"><ele>3832.0</ele></trkpt>
<trkpt lat="35.345932" lon="-111.678063"><ele>3832.0</ele></trkpt>
<trkpt lat="35.34608" lon="-111.67801"><ele>3833.0</ele></trkpt>
<trkpt lat="35.346221" lon="-111.677987"><ele>3833.0</ele></trkpt>
<trkpt lat="35.346385" lon="-111.677956"><ele>3834.0</ele></trkpt>
<trkpt lat="35.346221" lon="-111.677987"><ele>3833.0</ele></trkpt>
<trkpt lat="35.34608" lon="-111.67801"><ele>3833.0</ele></trkpt>
<trkpt lat="35.345932" lon="-111.678063"><ele>3832.0</ele></trkpt>
<trkpt lat="35.345855" lon="-111.678078"><ele>3832.0</ele></trkpt>
<trkpt lat="35.34576" lon="-111.678101"><ele>3830.0</ele></trkpt>
<trkpt lat="35.345668" lon="-111.678147"><ele>3828.0</ele></trkpt>
<trkpt lat="35.345623" lon="-111.678154"><ele>3827.0</ele></trkpt>
<trkpt lat="35.345558" lon="-111.678162"><ele>3826.0</ele></trkpt>
<trkpt lat="35.345508" lon="-111.678185"><ele>3825.0</ele></trkpt>
<trkpt lat="35.345447" lon="-111.678208"><ele>3823.0</ele></trkpt>
<trkpt lat="35.34539" lon="-111.678216"><ele>3822.0</ele></trkpt>
<trkpt lat="35.345321" lon="-111.678216"><ele>3821.0</ele></trkpt>
<trkpt lat="35.345298" lon="-111.678231"><ele>3820.0</ele></trkpt>
<trkpt lat="35.345268" lon="-111.678277"><ele>3820.0</ele></trkpt>
<trkpt lat="35.345218" lon="-111.678322"><ele>3819.0</ele></trkpt>
<trkpt lat="35.345195" lon="-111.678338"><ele>3819.0</ele></trkpt>
<trkpt lat="35.345149" lon="-111.678338"><ele>3818.0</ele></trkpt>
<trkpt lat="35.345119" lon="-111.678353"><ele>3817.0</ele></trkpt>
<trkpt lat="35.345062" lon="-111.678353"><ele>3817.0</ele></trkpt>
<trkpt lat="35.345031" lon="-111.678345"><ele>3816.0</ele></trkpt>
<trkpt lat="35.344993" lon="-111.67836"><ele>3816.0</ele></trkpt>
<trkpt lat="35.344928" lon="-111.678391"><ele>3815.0</ele></trkpt>
<trkpt lat="35.344871" lon="-111.678429"><ele>3815.0</ele></trkpt>
<trkpt lat="35.344829" lon="-111.678444"><ele>3815.0</ele></trkpt>
<trkpt lat="35.344783" lon="-111.678498"><ele>3815.0</ele></trkpt>
<trkpt lat="35.344722" lon="-111.678574"><ele>3816.0</ele></trkpt>
<trkpt lat="35.344665" lon="-111.678612"><ele>3817.0</ele></trkpt>
<trkpt lat="35.344635" lon="-111.678673"><ele>3817.0</ele></trkpt>
<trkpt lat="35.344581" lon="-111.678711"><ele>3817.0</ele></trkpt>
<trkpt lat="35.344543" lon="-111.678727"><ele>3817.0</ele></trkpt>
<trkpt lat="35.344474" lon="-111.67875"><ele>3816.0</ele></trkpt>
<trkpt lat="35.344459" lon="-111.678765"><ele>3816.0</ele></trkpt>
<trkpt lat="35.344463" lon="-111.678803"><ele>3816.0</ele></trkpt>
<trkpt lat="35.344486" lon="-111.678834"><ele>3816.0</ele></trkpt>
<trkpt lat="35.344528" lon="-111.678864"><ele>3815.0</ele></trkpt>
<trkpt lat="35.344547" lon="-111.678902"><ele>3815.0</ele></trkpt>
<trkpt lat="35.344524" lon="-111.678978"><ele>3812.0</ele></trkpt>
<trkpt lat="35.34449" lon="-111.679009"><ele>3812.0</ele></trkpt>
<trkpt lat="35.344448" lon="-111.679047"><ele>3811.0</ele></trkpt>
<trkpt lat="35.344387" lon="-111.679078"><ele>3810.0</ele></trkpt>
<trkpt lat="35.344314" lon="-111.679116"><ele>3809.0</ele></trkpt>
<trkpt lat="35.344295" lon="-111.679162"><ele>3808.0</ele></trkpt>
<trkpt lat="35.344257" lon="-111.679215"><ele>3807.0</ele></trkpt>
<trkpt lat="35.34423" lon="-111.679238"><ele>3806.0</ele></trkpt>
<trkpt lat="35.344192" lon="-111.679276"><ele>3805.0</ele></trkpt>
<trkpt lat="35.344146" lon="-111.679268"><ele>3805.0</ele></trkpt>
<trkpt lat="35.344097" lon="-111.679276"><ele>3804.0</ele></trkpt>
<trkpt lat="35.344062" lon="-111.679284"><ele>3804.0</ele></trkpt>
<trkpt lat="35.344039" lon="-111.679314"><ele>3803.0</ele></trkpt>
<trkpt lat="35.344039" lon="-111.67936"><ele>3802.0</ele></trkpt>
<trkpt lat="35.344009" lon="-111.679375"><ele>3802.0</ele></trkpt>
<trkpt lat="35.343975" lon="-111.67939"><ele>3801.0</ele></trkpt>
<trkpt lat="35.343959" lon="-111.679436"><ele>3800.0</ele></trkpt>
<trkpt lat="35.343933" lon="-111.679474"><ele>3799.0</ele></trkpt>
<trkpt lat="35.343894" lon="-111.679505"><ele>3799.0</ele></trkpt>
<trkpt lat="35.343879" lon="-111.679543"><ele>3798.0</ele></trkpt>
<trkpt lat="35.343875" lon="-111.679596"><ele>3797.0</ele></trkpt>
<trkpt lat="35.343837" lon="-111.679619"><ele>3796.0</ele></trkpt>
<trkpt lat="35.343795" lon="-111.679635"><ele>3795.0</ele></trkpt>
<trkpt lat="35.343757" lon="-111.679688"><ele>3794.0</ele></trkpt>
<trkpt lat="35.343711" lon="-111.679741"><ele>3794.0</ele></trkpt>
<trkpt lat="35.343662" lon="-111.679772"><ele>3793.0</ele></trkpt>
<trkpt lat="35.343627" lon="-111.679818"><ele>3793.0</ele></trkpt>
<trkpt lat="35.343616" lon="-111.679848"><ele>3792.0</ele></trkpt>
<trkpt lat="35.343597" lon="-111.679932"><ele>3791.0</ele></trkpt>
<trkpt lat="35.343566" lon="-111.67994"><ele>3790.0</ele></trkpt>
<trkpt lat="35.343547" lon="-111.679986"><ele>3789.0</ele></trkpt>
<trkpt lat="35.343536" lon="-111.680024"><ele>3789.0</ele></trkpt>
<trkpt lat="35.343509" lon="-111.680024"><ele>3788.0</ele></trkpt>
<trkpt lat="35.343463" lon="-111.680077"><ele>3787.0</ele></trkpt>
<trkpt lat="35.343456" lon="-111.680131"><ele>3786.0</ele></trkpt>
<trkpt lat="35.343418" lon="-111.680131"><ele>3786.0</ele></trkpt>
<trkpt lat="35.343406" lon="-111.680176"><ele>3786.0</ele></trkpt>
<trkpt lat="35.343383" lon="-111.680199"><ele>3785.0</ele></trkpt>
<trkpt lat="35.343357" lon="-111.680207"><ele>3785.0</ele></trkpt>
<trkpt lat="35.343338" lon="-111.680253"><ele>3785.0</ele></trkpt>
<trkpt lat="35.343315" lon="-111.680321"><ele>3785.0</ele></trkpt>
<trkpt lat="35.343311" lon="-111.680367"><ele>3785.0</ele></trkpt>
<trkpt lat="35.343276" lon="-111.68039"><ele>3785.0</ele></trkpt>
<trkpt lat="35.343242" lon="-111.680413"><ele>3784.0</ele></trkpt>
<trkpt lat="35.343219" lon="-111.680443"><ele>3784.0</ele></trkpt>
<trkpt lat="35.343189" lon="-111.680474"><ele>3785.0</ele></trkpt>
<trkpt lat="35.343181" lon="-111.68052"><ele>3785.0</ele></trkpt>
<trkpt lat="35.343166" lon="-111.680542"><ele>3785.0</ele></trkpt>
<trkpt lat="35.343132" lon="-111.680573"><ele>3785.0</ele></trkpt>
<trkpt lat="35.343101" lon="-111.680588"><ele>3785.0</ele></trkpt>
<trkpt lat="35.343063" lon="-111.680619"><ele>3785.0</ele></trkpt>
<trkpt lat="35.34304" lon="-111.680634"><ele>3785.0</ele></trkpt>
<trkpt lat="35.34304" lon="-111.680687"><ele>3785.0</ele></trkpt>
<trkpt lat="35.343013" lon="-111.680718"><ele>3784.0</ele></trkpt>
<trkpt lat="35.342987" lon="-111.680764"><ele>3784.0</ele></trkpt>
<trkpt lat="35.342971" lon="-111.680771"><ele>3783.0</ele></trkpt>
<trkpt lat="35.342971" lon="-111.680825"><ele>3784.0</ele></trkpt>
<trkpt lat="35.342967" lon="-111.680848"><ele>3783.0</ele></trkpt>
<trkpt lat="35.342941" lon="-111.680871"><ele>3783.0</ele></trkpt>
<trkpt lat="35.342906" lon="-111.680901"><ele>3782.0</ele></trkpt>
<trkpt lat="35.342899" lon="-111.680962"><ele>3782.0</ele></trkpt>
<trkpt lat="35.342884" lon="-111.681038"><ele>3781.0</ele></trkpt>
<trkpt lat="35.34288" lon="-111.681092"><ele>3781.0</ele></trkpt>
<trkpt lat="35.342891" lon="-111.681138"><ele>3780.0</ele></trkpt>
<trkpt lat="35.342876" lon="-111.681183"><ele>3780.0</ele></trkpt>
<trkpt lat="35.342864" lon="-111.681229"><ele>3780.0</ele></trkpt>
<trkpt lat="35.342853" lon="-111.681298"><ele>3780.0</ele></trkpt>
<trkpt lat="35.342853" lon="-111.681351"><ele>3779.0</ele></trkpt>
<trkpt lat="35.342819" lon="-111.68142"><ele>3780.0</ele></trkpt>
<trkpt lat="35.342803" lon="-111.681481"><ele>3779.0</ele></trkpt>
<trkpt lat="35.34275" lon="-111.681519"><ele>3778.0</ele></trkpt>
<trkpt lat="35.342731" lon="-111.681565"><ele>3777.0</ele></trkpt>
<trkpt lat="35.342697" lon="-111.68158"><ele>3776.0</ele></trkpt>
<trkpt lat="35.34267" lon="-111.681603"><ele>3775.0</ele></trkpt>
<trkpt lat="35.342643" lon="-111.681649"><ele>3774.0</ele></trkpt>
<trkpt lat="35.342613" lon="-111.681717"><ele>3771.0</ele></trkpt>
<trkpt lat="35.342571" lon="-111.681733"><ele>3771.0</ele></trkpt>
<trkpt lat="35.342521" lon="-111.681748"><ele>3770.0</ele></trkpt>
<trkpt lat="35.342479" lon="-111.681778"><ele>3768.0</ele></trkpt>
<trkpt lat="35.342453" lon="-111.681817"><ele>3767.0</ele></trkpt>
<trkpt lat="35.342418" lon="-111.681817"><ele>3767.0</ele></trkpt>
<trkpt lat="35.342372" lon="-111.681824"><ele>3766.0</ele></trkpt>
<trkpt lat="35.342357" lon="-111.681855"><ele>3765.0</ele></trkpt>
<trkpt lat="35.342342" lon="-111.681885"><ele>3764.0</ele></trkpt>
<trkpt lat="35.34233" lon="-111.681946"><ele>3763.0</ele></trkpt>
<trkpt lat="35.342304" lon="-111.681969"><ele>3763.0</ele></trkpt>
<trkpt lat="35.34225" lon="-111.681992"><ele>3762.0</ele></trkpt>
<trkpt lat="35.342208" lon="-111.682"><ele>3761.0</ele></trkpt>
<trkpt lat="35.342178" lon="-111.682015"><ele>3760.0</ele></trkpt>
<trkpt lat="35.342147" lon="-111.682038"><ele>3759.0</ele></trkpt>
<trkpt lat="35.342113" lon="-111.682038"><ele>3758.0</ele></trkpt>
<trkpt lat="35.342086" lon="-111.682061"><ele>3757.0</ele></trkpt>
<trkpt lat="35.342079" lon="-111.682114"><ele>3756.0</ele></trkpt>
<trkpt lat="35.342044" lon="-111.682129"><ele>3756.0</ele></trkpt>
<trkpt lat="35.342006" lon="-111.682137"><ele>3755.0</ele></trkpt>
<trkpt lat="35.341979" lon="-111.68216"><ele>3755.0</ele></trkpt>
<trkpt lat="35.341945" lon="-111.682183"><ele>3754.0</ele></trkpt>
<trkpt lat="35.341911" lon="-111.682221"><ele>3753.0</ele></trkpt>
<trkpt lat="35.341869" lon="-111.682259"><ele>3751.0</ele></trkpt>
<trkpt lat="35.341835" lon="-111.682259"><ele>3750.0</ele></trkpt>
<trkpt lat="35.341785" lon="-111.682282"><ele>3748.0</ele></trkpt>
<trkpt lat="35.341762" lon="-111.682305"><ele>3747.0</ele></trkpt>
<trkpt lat="35.341739" lon="-111.682351"><ele>3746.0</ele></trkpt>
<trkpt lat="35.341705" lon="-111.682374"><ele>3745.0</ele></trkpt>
<trkpt lat="35.341667" lon="-111.682389"><ele>3745.0</ele></trkpt>
<trkpt lat="35.341659" lon="-111.682419"><ele>3744.0</ele></trkpt>
<trkpt lat="35.341636" lon="-111.682457"><ele>3743.0</ele></trkpt>
<trkpt lat="35.341617" lon="-111.68248"><ele>3743.0</ele></trkpt>
<trkpt lat="35.341606" lon="-111.682534"><ele>3742.0</ele></trkpt>
<trkpt lat="35.341575" lon="-111.682557"><ele>3741.0</ele></trkpt>
<trkpt lat="35.341526" lon="-111.682595"><ele>3740.0</ele></trkpt>
<trkpt lat="35.34151" lon="-111.682625"><ele>3739.0</ele></trkpt>
<trkpt lat="35.341484" lon="-111.682648"><ele>3738.0</ele></trkpt>
<trkpt lat="35.341453" lon="-111.682686"><ele>3738.0</ele></trkpt>
<trkpt lat="35.341426" lon="-111.682747"><ele>3736.0</ele></trkpt>
<trkpt lat="35.341403" lon="-111.682778"><ele>3736.0</ele></trkpt>
<trkpt lat="35.341365" lon="-111.682793"><ele>3735.0</ele></trkpt>
<trkpt lat="35.341354" lon="-111.682816"><ele>3735.0</ele></trkpt>
<trkpt lat="35.341327" lon="-111.682824"><ele>3734.0</ele></trkpt>
<trkpt lat="35.341312" lon="-111.682847"><ele>3733.0</ele></trkpt>
<trkpt lat="35.341278" lon="-111.682847"><ele>3733.0</ele></trkpt>
<trkpt lat="35.341255" lon="-111.682847"><ele>3733.0</ele></trkpt>
<trkpt lat="35.341243" lon="-111.682824"><ele>3733.0</ele></trkpt>
<trkpt lat="35.341213" lon="-111.682824"><ele>3733.0</ele></trkpt>
<trkpt lat="35.341182" lon="-111.682862"><ele>3732.0</ele></trkpt>
<trkpt lat="35.341159" lon="-111.682877"><ele>3732.0</ele></trkpt>
<trkpt lat="35.341125" lon="-111.682877"><ele>3732.0</ele></trkpt>
<trkpt lat="35.341098" lon="-111.682908"><ele>3731.0</ele></trkpt>
<trkpt lat="35.341075" lon="-111.68293"><ele>3731.0</ele></trkpt>
<trkpt lat="35.341053" lon="-111.682984"><ele>3730.0</ele></trkpt>
<trkpt lat="35.341049" lon="-111.683014"><ele>3730.0</ele></trkpt>
<trkpt lat="35.34103" lon="-111.683037"><ele>3730.0</ele></trkpt>
<trkpt lat="35.341007" lon="-111.683091"><ele>3729.0</ele></trkpt>
<trkpt lat="35.340999" lon="-111.683144"><ele>3728.0</ele></trkpt>
<trkpt lat="35.340972" lon="-111.683175"><ele>3728.0</ele></trkpt>
<trkpt lat="35.34095" lon="-111.683198"><ele>3727.0</ele></trkpt>
<trkpt lat="35.3409" lon="-111.683243"><ele>3727.0</ele></trkpt>
<trkpt lat="35.340877" lon="-111.683289"><ele>3727.0</ele></trkpt>
<trkpt lat="35.340888" lon="-111.683342"><ele>3726.0</ele></trkpt>
<trkpt lat="35.340888" lon="-111.683396"><ele>3724.0</ele></trkpt>
<trkpt lat="35.340869" lon="-111.683442"><ele>3723.0</ele></trkpt>
<trkpt lat="35.340839" lon="-111.683457"><ele>3723.0</ele></trkpt>
<trkpt lat="35.340782" lon="-111.683457"><ele>3723.0</ele></trkpt>
<trkpt lat="35.340732" lon="-111.683457"><ele>3722.0</ele></trkpt>
<trkpt lat="35.34069" lon="-111.683457"><ele>3721.0</ele></trkpt>
<trkpt lat="35.340667" lon="-111.683487"><ele>3720.0</ele></trkpt>
<trkpt lat="35.340652" lon="-111.683487"><ele>3720.0</ele></trkpt>
<trkpt lat="35.340621" lon="-111.683487"><ele>3720.0</ele></trkpt>
<trkpt lat="35.340606" lon="-111.683472"><ele>3720.0</ele></trkpt>
<trkpt lat="35.340564" lon="-111.683487"><ele>3719.0</ele></trkpt>
<trkpt lat="35.340522" lon="-111.683487"><ele>3718.0</ele></trkpt>
<trkpt lat="35.340473" lon="-111.68351"><ele>3715.0</ele></trkpt>
<trkpt lat="35.340442" lon="-111.68351"><ele>3714.0</ele></trkpt>
<trkpt lat="35.340423" lon="-111.683533"><ele>3713.0</ele></trkpt>
<trkpt lat="35.340396" lon="-111.683541"><ele>3712.0</ele></trkpt>
<trkpt lat="35.340373" lon="-111.683533"><ele>3711.0</ele></trkpt>
<trkpt lat="35.340351" lon="-111.683571"><ele>3710.0</ele></trkpt>
<trkpt lat="35.340328" lon="-111.683564"><ele>3709.0</ele></trkpt>
<trkpt lat="35.34029" lon="-111.683541"><ele>3708.0</ele></trkpt>
<trkpt lat="35.340259" lon="-111.683541"><ele>3707.0</ele></trkpt>
<trkpt lat="35.340206" lon="-111.683571"><ele>3704.0</ele></trkpt>
<trkpt lat="35.340179" lon="-111.683587"><ele>3702.0</ele></trkpt>
<trkpt lat="35.340141" lon="-111.683587"><ele>3700.0</ele></trkpt>
<trkpt lat="35.340095" lon="-111.683594"><ele>3698.0</ele></trkpt>
<trkpt lat="35.340049" lon="-111.683594"><ele>3696.0</ele></trkpt>
<trkpt lat="35.340003" lon="-111.683594"><ele>3694.0</ele></trkpt>
<trkpt lat="35.339965" lon="-111.683594"><ele>3692.0</ele></trkpt>
<trkpt lat="35.339939" lon="-111.683594"><ele>3691.0</ele></trkpt>
<trkpt lat="35.339912" lon="-111.683571"><ele>3690.0</ele></trkpt>
<trkpt lat="35.339862" lon="-111.683564"><ele>3688.0</ele></trkpt>
<trkpt lat="35.339843" lon="-111.683579"><ele>3687.0</ele></trkpt>
<trkpt lat="35.339817" lon="-111.683564"><ele>3686.0</ele></trkpt>
<trkpt lat="35.339782" lon="-111.683564"><ele>3685.0</ele></trkpt>
<trkpt lat="35.339752" lon="-111.683579"><ele>3683.0</ele></trkpt>
<trkpt lat="35.339702" lon="-111.683556"><ele>3682.0</ele></trkpt>
<trkpt lat="35.339649" lon="-111.683548"><ele>3680.0</ele></trkpt>
<trkpt lat="35.339614" lon="-111.683564"><ele>3679.0</ele></trkpt>
<trkpt lat="35.339572" lon="-111.683556"><ele>3678.0</ele></trkpt>
<trkpt lat="35.339534" lon="-111.683548"><ele>3677.0</ele></trkpt>
<trkpt lat="35.339515" lon="-111.683564"><ele>3676.0</ele></trkpt>
<trkpt lat="35.339481" lon="-111.683548"><ele>3675.0</ele></trkpt>
<trkpt lat="35.339427" lon="-111.683533"><ele>3674.0</ele></trkpt>
<trkpt lat="35.33937" lon="-111.683526"><ele>3672.0</ele></trkpt>
<trkpt lat="35.339344" lon="-111.683495"><ele>3671.0</ele></trkpt>
<trkpt lat="35.339294" lon="-111.683503"><ele>3670.0</ele></trkpt>
<trkpt lat="35.339267" lon="-111.68348"><ele>3669.0</ele></trkpt>
<trkpt lat="35.339248" lon="-111.68351"><ele>3669.0</ele></trkpt>
<trkpt lat="35.339214" lon="-111.683503"><ele>3667.0</ele></trkpt>
<trkpt lat="35.339187" lon="-111.683487"><ele>3666.0</ele></trkpt>
<trkpt lat="35.339138" lon="-111.683487"><ele>3665.0</ele></trkpt>
<trkpt lat="35.339088" lon="-111.683465"><ele>3664.0</ele></trkpt>
<trkpt lat="35.33905" lon="-111.683457"><ele>3663.0</ele></trkpt>
<trkpt lat="35.339027" lon="-111.683411"><ele>3662.0</ele></trkpt>
<trkpt lat="35.338993" lon="-111.683419"><ele>3662.0</ele></trkpt>
<trkpt lat="35.338916" lon="-111.683434"><ele>3661.0</ele></trkpt>
<trkpt lat="35.338855" lon="-111.683442"><ele>3660.0</ele></trkpt>
<trkpt lat="35.338817" lon="-111.683465"><ele>3661.0</ele></trkpt>
<trkpt lat="35.338787" lon="-111.68351"><ele>3661.0</ele></trkpt>
<trkpt lat="35.338752" lon="-111.683541"><ele>3661.0</ele></trkpt>
<trkpt lat="35.338703" lon="-111.683548"><ele>3661.0</ele></trkpt>
<trkpt lat="35.338668" lon="-111.683571"><ele>3662.0</ele></trkpt>
<trkpt lat="35.338611" lon="-111.683587"><ele>3662.0</ele></trkpt>
<trkpt lat="35.338573" lon="-111.683587"><ele>3663.0</ele></trkpt>
<trkpt lat="35.338512" lon="-111.683579"><ele>3664.0</ele></trkpt>
<trkpt lat="35.338478" lon="-111.683556"><ele>3664.0</ele></trkpt>
<trkpt lat="35.338451" lon="-111.683556"><ele>3665.0</ele></trkpt>
<trkpt lat="35.338413" lon="-111.683587"><ele>3665.0</ele></trkpt>
<trkpt lat="35.338352" lon="-111.68361"><ele>3667.0</ele></trkpt>
<trkpt lat="35.338298" lon="-111.683625"><ele>3667.0</ele></trkpt>
<trkpt lat="35.338237" lon="-111.683655"><ele>3667.0</ele></trkpt>
<trkpt lat="35.338199" lon="-111.683686"><ele>3666.0</ele></trkpt>
<trkpt lat="35.338138" lon="-111.683701"><ele>3667.0</ele></trkpt>
<trkpt lat="35.338077" lon="-111.683701"><ele>3667.0</ele></trkpt>
<trkpt lat="35.338005" lon="-111.683716"><ele>3667.0</ele></trkpt>
<trkpt lat="35.33797" lon="-111.683747"><ele>3666.0</ele></trkpt>
<trkpt lat="35.337936" lon="-111.683747"><ele>3666.0</ele></trkpt>
<trkpt lat="35.337856" lon="-111.683739"><ele>3666.0</ele></trkpt>
<trkpt lat="35.337806" lon="-111.683732"><ele>3666.0</ele></trkpt>
<trkpt lat="35.337764" lon="-111.683732"><ele>3666.0</ele></trkpt>
<trkpt lat="35.337688" lon="-111.683754"><ele>3664.0</ele></trkpt>
<trkpt lat="35.337646" lon="-111.683785"><ele>3663.0</ele></trkpt>
<trkpt lat="35.337589" lon="-111.683808"><ele>3662.0</ele></trkpt>
<trkpt lat="35.337535" lon="-111.683831"><ele>3661.0</ele></trkpt>
<trkpt lat="35.337482" lon="-111.683838"><ele>3660.0</ele></trkpt>
<trkpt lat="35.337398" lon="-111.683854"><ele>3657.0</ele></trkpt>
<trkpt lat="35.337352" lon="-111.683854"><ele>3656.0</ele></trkpt>
<trkpt lat="35.337295" lon="-111.683823"><ele>3655.0</ele></trkpt>
<trkpt lat="35.337249" lon="-111.6838"><ele>3654.0</ele></trkpt>
<trkpt lat="35.337207" lon="-111.683838"><ele>3652.0</ele></trkpt>
<trkpt lat="35.33715" lon="-111.683838"><ele>3649.0</ele></trkpt>
<trkpt lat="35.337146" lon="-111.683777"><ele>3650.0</ele></trkpt>
<trkpt lat="35.337116" lon="-111.683739"><ele>3650.0</ele></trkpt>
<trkpt lat="35.337039" lon="-111.683625"><ele>3649.0</ele></trkpt>
<trkpt lat="35.337032" lon="-111.683526"><ele>3650.0</ele></trkpt>
<trkpt lat="35.336975" lon="-111.683457"><ele>3649.0</ele></trkpt>
<trkpt lat="35.336956" lon="-111.683495"><ele>3647.0</ele></trkpt>
<trkpt lat="35.336971" lon="-111.683564"><ele>3647.0</ele></trkpt>
<trkpt lat="35.336971" lon="-111.68361"><ele>3646.0</ele></trkpt>
<trkpt lat="35.336933" lon="-111.683602"><ele>3645.0</ele></trkpt>
<trkpt lat="35.336875" lon="-111.683556"><ele>3642.0</ele></trkpt>
<trkpt lat="35.336853" lon="-111.68348"><ele>3642.0</ele></trkpt>
<trkpt lat="35.336803" lon="-111.683411"><ele>3641.0</ele></trkpt>
<trkpt lat="35.336765" lon="-111.683373"><ele>3640.0</ele></trkpt>
<trkpt lat="35.336727" lon="-111.683342"><ele>3639.0</ele></trkpt>
<trkpt lat="35.33665" lon="-111.683327"><ele>3635.0</ele></trkpt>
<trkpt lat="35.336624" lon="-111.683297"><ele>3634.0</ele></trkpt>
<trkpt lat="35.336578" lon="-111.683205"><ele>3632.0</ele></trkpt>
<trkpt lat="35.336536" lon="-111.683167"><ele>3631.0</ele></trkpt>
<trkpt lat="35.336486" lon="-111.683106"><ele>3629.0</ele></trkpt>
<trkpt lat="35.336452" lon="-111.683053"><ele>3628.0</ele></trkpt>
<trkpt lat="35.336421" lon="-111.683022"><ele>3626.0</ele></trkpt>
<trkpt lat="35.336399" lon="-111.682969"><ele>3625.0</ele></trkpt>
<trkpt lat="35.336357" lon="-111.682892"><ele>3622.0</ele></trkpt>
<trkpt lat="35.336299" lon="-111.682831"><ele>3619.0</ele></trkpt>
<trkpt lat="35.336261" lon="-111.682801"><ele>3617.0</ele></trkpt>
<trkpt lat="35.336204" lon="-111.682778"><ele>3614.0</ele></trkpt>
<trkpt lat="35.336162" lon="-111.682793"><ele>3612.0</ele></trkpt>
<trkpt lat="35.336124" lon="-111.682793"><ele>3610.0</ele></trkpt>
<trkpt lat="35.336097" lon="-111.682732"><ele>3609.0</ele></trkpt>
<trkpt lat="35.336067" lon="-111.682709"><ele>3608.0</ele></trkpt>
<trkpt lat="35.336036" lon="-111.682694"><ele>3607.0</ele></trkpt>
<trkpt lat="35.336006" lon="-111.682679"><ele>3606.0</ele></trkpt>
<trkpt lat="35.335968" lon="-111.682625"><ele>3605.0</ele></trkpt>
<trkpt lat="35.335899" lon="-111.682564"><ele>3604.0</ele></trkpt>
<trkpt lat="35.335872" lon="-111.682526"><ele>3603.0</ele></trkpt>
<trkpt lat="35.335842" lon="-111.682526"><ele>3603.0</ele></trkpt>
<trkpt lat="35.335811" lon="-111.682511"><ele>3602.0</ele></trkpt>
<trkpt lat="35.335769" lon="-111.682488"><ele>3600.0</ele></trkpt>
<trkpt lat="35.335742" lon="-111.682427"><ele>3600.0</ele></trkpt>
<trkpt lat="35.335708" lon="-111.682366"><ele>3599.0</ele></trkpt>
<trkpt lat="35.33567" lon="-111.682335"><ele>3598.0</ele></trkpt>
<trkpt lat="35.335582" lon="-111.68229"><ele>3596.0</ele></trkpt>
<trkpt lat="35.335559" lon="-111.682274"><ele>3595.0</ele></trkpt>
<trkpt lat="35.335529" lon="-111.682206"><ele>3595.0</ele></trkpt>
<trkpt lat="35.335514" lon="-111.682129"><ele>3593.0</ele></trkpt>
<trkpt lat="35.335494" lon="-111.682076"><ele>3592.0</ele></trkpt>
<trkpt lat="35.335468" lon="-111.682038"><ele>3591.0</ele></trkpt>
<trkpt lat="35.335414" lon="-111.68203"><ele>3590.0</ele></trkpt>
<trkpt lat="35.335376" lon="-111.68203"><ele>3589.0</ele></trkpt>
<trkpt lat="35.335311" lon="-111.681984"><ele>3588.0</ele></trkpt>
<trkpt lat="35.335273" lon="-111.681916"><ele>3588.0</ele></trkpt>
<trkpt lat="35.335227" lon="-111.681916"><ele>3588.0</ele></trkpt>
<trkpt lat="35.335136" lon="-111.681916"><ele>3587.0</ele></trkpt>
<trkpt lat="35.335105" lon="-111.681916"><ele>3587.0</ele></trkpt>
<trkpt lat="35.335048" lon="-111.681916"><ele>3587.0</ele></trkpt>
<trkpt lat="35.334991" lon="-111.681923"><ele>3586.0</ele></trkpt>
<trkpt lat="35.33493" lon="-111.681923"><ele>3584.0</ele></trkpt>
<trkpt lat="35.334869" lon="-111.681962"><ele>3581.0</ele></trkpt>
<trkpt lat="35.334827" lon="-111.681939"><ele>3581.0</ele></trkpt>
<trkpt lat="35.334815" lon="-111.681977"><ele>3579.0</ele></trkpt>
<trkpt lat="35.334781" lon="-111.681984"><ele>3577.0</ele></trkpt>
<trkpt lat="35.334732" lon="-111.682"><ele>3575.0</ele></trkpt>
<trkpt lat="35.334701" lon="-111.68203"><ele>3573.0</ele></trkpt>
<trkpt lat="35.334682" lon="-111.682045"><ele>3572.0</ele></trkpt>
<trkpt lat="35.334629" lon="-111.682038"><ele>3571.0</ele></trkpt>
<trkpt lat="35.334587" lon="-111.682061"><ele>3569.0</ele></trkpt>
<trkpt lat="35.334564" lon="-111.682053"><ele>3568.0</ele></trkpt>
<trkpt lat="35.334503" lon="-111.682053"><ele>3567.0</ele></trkpt>
<trkpt lat="35.334465" lon="-111.682045"><ele>3566.0</ele></trkpt>
<trkpt lat="35.334426" lon="-111.682076"><ele>3564.0</ele></trkpt>
<trkpt lat="35.334384" lon="-111.682091"><ele>3562.0</ele></trkpt>
<trkpt lat="35.334331" lon="-111.682099"><ele>3560.0</ele></trkpt>
<trkpt lat="35.334289" lon="-111.682091"><ele>3559.0</ele></trkpt>
<trkpt lat="35.334236" lon="-111.682068"><ele>3558.0</ele></trkpt>
<trkpt lat="35.334205" lon="-111.682068"><ele>3557.0</ele></trkpt>
<trkpt lat="35.334148" lon="-111.682045"><ele>3556.0</ele></trkpt>
<trkpt lat="35.334064" lon="-111.682023"><ele>3557.0</ele></trkpt>
<trkpt lat="35.334018" lon="-111.682023"><ele>3557.0</ele></trkpt>
<trkpt lat="35.333969" lon="-111.682023"><ele>3556.0</ele></trkpt>
<trkpt lat="35.333927" lon="-111.682045"><ele>3555.0</ele></trkpt>
<trkpt lat="35.333885" lon="-111.682061"><ele>3554.0</ele></trkpt>
<trkpt lat="35.333797" lon="-111.682084"><ele>3551.0</ele></trkpt>
<trkpt lat="35.333744" lon="-111.682084"><ele>3550.0</ele></trkpt>
<trkpt lat="35.333698" lon="-111.682099"><ele>3549.0</ele></trkpt>
<trkpt lat="35.333656" lon="-111.682122"><ele>3547.0</ele></trkpt>
<trkpt lat="35.333633" lon="-111.682145"><ele>3546.0</ele></trkpt>
<trkpt lat="35.33353" lon="-111.682175"><ele>3544.0</ele></trkpt>
<trkpt lat="35.333499" lon="-111.682206"><ele>3542.0</ele></trkpt>
<trkpt lat="35.333454" lon="-111.682206"><ele>3542.0</ele></trkpt>
<trkpt lat="35.333408" lon="-111.682229"><ele>3541.0</ele></trkpt>
<trkpt lat="35.333366" lon="-111.682267"><ele>3540.0</ele></trkpt>
<trkpt lat="35.333358" lon="-111.682305"><ele>3538.0</ele></trkpt>
<trkpt lat="35.333393" lon="-111.682343"><ele>3537.0</ele></trkpt>
<trkpt lat="35.333351" lon="-111.682396"><ele>3535.0</ele></trkpt>
<trkpt lat="35.333316" lon="-111.682465"><ele>3532.0</ele></trkpt>
<trkpt lat="35.333286" lon="-111.682526"><ele>3529.0</ele></trkpt>
<trkpt lat="35.333221" lon="-111.68258"><ele>3524.0</ele></trkpt>
<trkpt lat="35.333255" lon="-111.682663"><ele>3523.0</ele></trkpt>
<trkpt lat="35.333301" lon="-111.682724"><ele>3523.0</ele></trkpt>
<trkpt lat="35.33337" lon="-111.682763"><ele>3523.0</ele></trkpt>
<trkpt lat="35.333442" lon="-111.682793"><ele>3522.0</ele></trkpt>
<trkpt lat="35.333553" lon="-111.682793"><ele>3522.0</ele></trkpt>
<trkpt lat="35.333652" lon="-111.682824"><ele>3521.0</ele></trkpt>
<trkpt lat="35.333732" lon="-111.682839"><ele>3521.0</ele></trkpt>
<trkpt lat="35.333713" lon="-111.6829"><ele>3518.0</ele></trkpt>
<trkpt lat="35.333599" lon="-111.682953"><ele>3515.0</ele></trkpt>
<trkpt lat="35.333553" lon="-111.682984"><ele>3514.0</ele></trkpt>
<trkpt lat="35.333465" lon="-111.68303"><ele>3512.0</ele></trkpt>
<trkpt lat="35.333408" lon="-111.68306"><ele>3510.0</ele></trkpt>
<trkpt lat="35.333358" lon="-111.683106"><ele>3508.0</ele></trkpt>
<trkpt lat="35.333316" lon="-111.683152"><ele>3505.0</ele></trkpt>
<trkpt lat="35.333351" lon="-111.683198"><ele>3502.0</ele></trkpt>
<trkpt lat="35.333377" lon="-111.683236"><ele>3500.0</ele></trkpt>
<trkpt lat="35.333442" lon="-111.683266"><ele>3498.0</ele></trkpt>
<trkpt lat="35.333507" lon="-111.683274"><ele>3497.0</ele></trkpt>
<trkpt lat="35.333629" lon="-111.683297"><ele>3495.0</ele></trkpt>
<trkpt lat="35.33369" lon="-111.683312"><ele>3495.0</ele></trkpt>
<trkpt lat="35.333782" lon="-111.68335"><ele>3493.0</ele></trkpt>
<trkpt lat="35.333854" lon="-111.683365"><ele>3493.0</ele></trkpt>
<trkpt lat="35.333934" lon="-111.683449"><ele>3491.0</ele></trkpt>
<trkpt lat="35.333976" lon="-111.683495"><ele>3489.0</ele></trkpt>
<trkpt lat="35.334033" lon="-111.683556"><ele>3488.0</ele></trkpt>
<trkpt lat="35.334064" lon="-111.683617"><ele>3486.0</ele></trkpt>
<trkpt lat="35.334102" lon="-111.683678"><ele>3486.0</ele></trkpt>
<trkpt lat="35.334125" lon="-111.6838"><ele>3484.0</ele></trkpt>
<trkpt lat="35.334144" lon="-111.683892"><ele>3482.0</ele></trkpt>
<trkpt lat="35.334133" lon="-111.683938"><ele>3480.0</ele></trkpt>
<trkpt lat="35.334087" lon="-111.683938"><ele>3479.0</ele></trkpt>
<trkpt lat="35.333961" lon="-111.683938"><ele>3475.0</ele></trkpt>
<trkpt lat="35.333801" lon="-111.683915"><ele>3471.0</ele></trkpt>
<trkpt lat="35.333732" lon="-111.683915"><ele>3469.0</ele></trkpt>
<trkpt lat="35.333656" lon="-111.68393"><ele>3465.0</ele></trkpt>
<trkpt lat="35.333545" lon="-111.68393"><ele>3461.0</ele></trkpt>
<trkpt lat="35.333454" lon="-111.683945"><ele>3457.0</ele></trkpt>
<trkpt lat="35.333419" lon="-111.683968"><ele>3454.0</ele></trkpt>
<trkpt lat="35.333427" lon="-111.684029"><ele>3450.0</ele></trkpt>
<trkpt lat="35.33348" lon="-111.684083"><ele>3449.0</ele></trkpt>
<trkpt lat="35.333538" lon="-111.684083"><ele>3452.0</ele></trkpt>
<trkpt lat="35.33356" lon="-111.684128"><ele>3450.0</ele></trkpt>
<trkpt lat="35.333633" lon="-111.684159"><ele>3452.0</ele></trkpt>
<trkpt lat="35.333671" lon="-111.68422"><ele>3450.0</ele></trkpt>
<trkpt lat="35.333724" lon="-111.684258"><ele>3450.0</ele></trkpt>
<trkpt lat="35.333755" lon="-111.684327"><ele>3447.0</ele></trkpt>
<trkpt lat="35.333793" lon="-111.684388"><ele>3445.0</ele></trkpt>
<trkpt lat="35.333866" lon="-111.684441"><ele>3444.0</ele></trkpt>
<trkpt lat="35.333881" lon="-111.684495"><ele>3443.0</ele></trkpt>
<trkpt lat="35.333923" lon="-111.684533"><ele>3444.0</ele></trkpt>
<trkpt lat="35.333961" lon="-111.684601"><ele>3443.0</ele></trkpt>
<trkpt lat="35.334007" lon="-111.684662"><ele>3442.0</ele></trkpt>
<trkpt lat="35.334049" lon="-111.684792"><ele>3439.0</ele></trkpt>
<trkpt lat="35.334102" lon="-111.684914"><ele>3436.0</ele></trkpt>
<trkpt lat="35.334125" lon="-111.685021"><ele>3433.0</ele></trkpt>
<trkpt lat="35.334159" lon="-111.685105"><ele>3432.0</ele></trkpt>
<trkpt lat="35.334178" lon="-111.68525"><ele>3430.0</ele></trkpt>
<trkpt lat="35.334197" lon="-111.685364"><ele>3430.0</ele></trkpt>
<trkpt lat="35.334182" lon="-111.685448"><ele>3429.0</ele></trkpt>
<trkpt lat="35.334186" lon="-111.685586"><ele>3429.0</ele></trkpt>
<trkpt lat="35.33422" lon="-111.685761"><ele>3430.0</ele></trkpt>
<trkpt lat="35.334243" lon="-111.685868"><ele>3431.0</ele></trkpt>
<trkpt lat="35.334236" lon="-111.685998"><ele>3429.0</ele></trkpt>
<trkpt lat="35.334236" lon="-111.686112"><ele>3429.0</ele></trkpt>
<trkpt lat="35.334243" lon="-111.686226"><ele>3428.0</ele></trkpt>
<trkpt lat="35.33422" lon="-111.686425"><ele>3425.0</ele></trkpt>
<trkpt lat="35.334194" lon="-111.686623"><ele>3422.0</ele></trkpt>
<trkpt lat="35.334186" lon="-111.68676"><ele>3418.0</ele></trkpt>
<trkpt lat="35.334194" lon="-111.687089"><ele>3412.0</ele></trkpt>
<trkpt lat="35.334224" lon="-111.687386"><ele>3410.0</ele></trkpt>
<trkpt lat="35.334255" lon="-111.687554"><ele>3411.0</ele></trkpt>
<trkpt lat="35.334274" lon="-111.687813"><ele>3409.0</ele></trkpt>
<trkpt lat="35.334304" lon="-111.688088"><ele>3408.0</ele></trkpt>
<trkpt lat="35.334354" lon="-111.688317"><ele>3409.0</ele></trkpt>
<trkpt lat="35.334373" lon="-111.688584"><ele>3405.0</ele></trkpt>
<trkpt lat="35.334396" lon="-111.68882"><ele>3402.0</ele></trkpt>
<trkpt lat="35.334403" lon="-111.688988"><ele>3400.0</ele></trkpt>
<trkpt lat="35.334419" lon="-111.689271"><ele>3395.0</ele></trkpt>
<trkpt lat="35.334445" lon="-111.689477"><ele>3392.0</ele></trkpt>
<trkpt lat="35.334495" lon="-111.689683"><ele>3389.0</ele></trkpt>
<trkpt lat="35.33456" lon="-111.689866"><ele>3387.0</ele></trkpt>
<trkpt lat="35.334648" lon="-111.690003"><ele>3386.0</ele></trkpt>
<trkpt lat="35.334697" lon="-111.690148"><ele>3383.0</ele></trkpt>
<trkpt lat="35.334732" lon="-111.690224"><ele>3382.0</ele></trkpt>
<trkpt lat="35.334789" lon="-111.69027"><ele>3383.0</ele></trkpt>
<trkpt lat="35.334869" lon="-111.690354"><ele>3383.0</ele></trkpt>
<trkpt lat="35.334968" lon="-111.690407"><ele>3384.0</ele></trkpt>
<trkpt lat="35.335086" lon="-111.690461"><ele>3382.0</ele></trkpt>
<trkpt lat="35.335147" lon="-111.690484"><ele>3380.0</ele></trkpt>
<trkpt lat="35.335281" lon="-111.690506"><ele>3376.0</ele></trkpt>
<trkpt lat="35.33538" lon="-111.690491"><ele>3377.0</ele></trkpt>
<trkpt lat="35.335521" lon="-111.690476"><ele>3378.0</ele></trkpt>
<trkpt lat="35.335605" lon="-111.690476"><ele>3378.0</ele></trkpt>
<trkpt lat="35.335681" lon="-111.690476"><ele>3378.0</ele></trkpt>
<trkpt lat="35.335723" lon="-111.690514"><ele>3376.0</ele></trkpt>
<trkpt lat="35.335815" lon="-111.690491"><ele>3377.0</ele></trkpt>
<trkpt lat="35.335903" lon="-111.690499"><ele>3375.0</ele></trkpt>
<trkpt lat="35.336006" lon="-111.690499"><ele>3373.0</ele></trkpt>
<trkpt lat="35.336044" lon="-111.690522"><ele>3371.0</ele></trkpt>
<trkpt lat="35.336128" lon="-111.690514"><ele>3369.0</ele></trkpt>
<trkpt lat="35.336246" lon="-111.690506"><ele>3367.0</ele></trkpt>
<trkpt lat="35.336345" lon="-111.690506"><ele>3365.0</ele></trkpt>
<trkpt lat="35.336418" lon="-111.690453"><ele>3367.0</ele></trkpt>
<trkpt lat="35.336559" lon="-111.690415"><ele>3367.0</ele></trkpt>
<trkpt lat="35.336666" lon="-111.690384"><ele>3367.0</ele></trkpt>
<trkpt lat="35.336738" lon="-111.690346"><ele>3367.0</ele></trkpt>
<trkpt lat="35.336826" lon="-111.690323"><ele>3367.0</ele></trkpt>
<trkpt lat="35.336883" lon="-111.690331"><ele>3366.0</ele></trkpt>
<trkpt lat="35.336902" lon="-111.690423"><ele>3361.0</ele></trkpt>
<trkpt lat="35.336887" lon="-111.690468"><ele>3359.0</ele></trkpt>
<trkpt lat="35.336845" lon="-111.690514"><ele>3357.0</ele></trkpt>
<trkpt lat="35.336765" lon="-111.69056"><ele>3356.0</ele></trkpt>
<trkpt lat="35.336658" lon="-111.690598"><ele>3356.0</ele></trkpt>
<trkpt lat="35.336551" lon="-111.690629"><ele>3355.0</ele></trkpt>
<trkpt lat="35.336479" lon="-111.69069"><ele>3353.0</ele></trkpt>
<trkpt lat="35.336395" lon="-111.690705"><ele>3353.0</ele></trkpt>
<trkpt lat="35.336345" lon="-111.690735"><ele>3352.0</ele></trkpt>
<trkpt lat="35.336246" lon="-111.690873"><ele>3346.0</ele></trkpt>
<trkpt lat="35.336196" lon="-111.690926"><ele>3344.0</ele></trkpt>
<trkpt lat="35.336067" lon="-111.691056"><ele>3341.0</ele></trkpt>
<trkpt lat="35.335998" lon="-111.691109"><ele>3341.0</ele></trkpt>
<trkpt lat="35.335956" lon="-111.691117"><ele>3342.0</ele></trkpt>
<trkpt lat="35.335903" lon="-111.691178"><ele>3341.0</ele></trkpt>
<trkpt lat="35.335807" lon="-111.6913"><ele>3338.0</ele></trkpt>
<trkpt lat="35.335754" lon="-111.691346"><ele>3338.0</ele></trkpt>
<trkpt lat="35.335708" lon="-111.69143"><ele>3336.0</ele></trkpt>
<trkpt lat="35.33567" lon="-111.691483"><ele>3335.0</ele></trkpt>
<trkpt lat="35.335552" lon="-111.691552"><ele>3337.0</ele></trkpt>
<trkpt lat="35.335411" lon="-111.691659"><ele>3336.0</ele></trkpt>
<trkpt lat="35.335247" lon="-111.691742"><ele>3336.0</ele></trkpt>
<trkpt lat="35.335121" lon="-111.691842"><ele>3334.0</ele></trkpt>
<trkpt lat="35.334968" lon="-111.691948"><ele>3331.0</ele></trkpt>
<trkpt lat="35.334819" lon="-111.692063"><ele>3326.0</ele></trkpt>
<trkpt lat="35.334655" lon="-111.692154"><ele>3321.0</ele></trkpt>
<trkpt lat="35.334583" lon="-111.692261"><ele>3317.0</ele></trkpt>
<trkpt lat="35.334415" lon="-111.692345"><ele>3312.0</ele></trkpt>
<trkpt lat="35.334388" lon="-111.69246"><ele>3309.0</ele></trkpt>
<trkpt lat="35.334461" lon="-111.692551"><ele>3308.0</ele></trkpt>
<trkpt lat="35.334621" lon="-111.692605"><ele>3309.0</ele></trkpt>
<trkpt lat="35.334793" lon="-111.692589"><ele>3311.0</ele></trkpt>
<trkpt lat="35.335018" lon="-111.692574"><ele>3311.0</ele></trkpt>
<trkpt lat="35.335254" lon="-111.692544"><ele>3306.0</ele></trkpt>
<trkpt lat="35.335399" lon="-111.692482"><ele>3305.0</ele></trkpt>
<trkpt lat="35.3358" lon="-111.69236"><ele>3301.0</ele></trkpt>
<trkpt lat="35.336029" lon="-111.692338"><ele>3297.0</ele></trkpt>
<trkpt lat="35.336322" lon="-111.692238"><ele>3296.0</ele></trkpt>
<trkpt lat="35.33654" lon="-111.692261"><ele>3293.0</ele></trkpt>
<trkpt lat="35.336708" lon="-111.692315"><ele>3289.0</ele></trkpt>
<trkpt lat="35.33678" lon="-111.692353"><ele>3287.0</ele></trkpt>
<trkpt lat="35.336826" lon="-111.692437"><ele>3283.0</ele></trkpt>
<trkpt lat="35.336864" lon="-111.69249"><ele>3280.0</ele></trkpt>
<trkpt lat="35.336925" lon="-111.692559"><ele>3276.0</ele></trkpt>
<trkpt lat="35.337028" lon="-111.692559"><ele>3276.0</ele></trkpt>
<trkpt lat="35.33715" lon="-111.692559"><ele>3277.0</ele></trkpt>
<trkpt lat="35.337192" lon="-111.692566"><ele>3278.0</ele></trkpt>
<trkpt lat="35.33723" lon="-111.69265"><ele>3275.0</ele></trkpt>
<trkpt lat="35.337226" lon="-111.692849"><ele>3269.0</ele></trkpt>
<trkpt lat="35.337257" lon="-111.69294"><ele>3268.0</ele></trkpt>
<trkpt lat="35.337276" lon="-111.693047"><ele>3266.0</ele></trkpt>
<trkpt lat="35.337295" lon="-111.693116"><ele>3264.0</ele></trkpt>
<trkpt lat="35.337341" lon="-111.693261"><ele>3261.0</ele></trkpt>
<trkpt lat="35.337425" lon="-111.693429"><ele>3257.0</ele></trkpt>
<trkpt lat="35.337505" lon="-111.693551"><ele>3254.0</ele></trkpt>
<trkpt lat="35.337646" lon="-111.693825"><ele>3249.0</ele></trkpt>
<trkpt lat="35.33773" lon="-111.693963"><ele>3246.0</ele></trkpt>
<trkpt lat="35.337902" lon="-111.694062"><ele>3248.0</ele></trkpt>
<trkpt lat="35.337966" lon="-111.694153"><ele>3247.0</ele></trkpt>
<trkpt lat="35.33802" lon="-111.694199"><ele>3247.0</ele></trkpt>
<trkpt lat="35.33805" lon="-111.694268"><ele>3245.0</ele></trkpt>
<trkpt lat="35.338142" lon="-111.694298"><ele>3247.0</ele></trkpt>
<trkpt lat="35.338256" lon="-111.694382"><ele>3247.0</ele></trkpt>
<trkpt lat="35.338333" lon="-111.694443"><ele>3247.0</ele></trkpt>
<trkpt lat="35.338466" lon="-111.694512"><ele>3246.0</ele></trkpt>
<trkpt lat="35.338645" lon="-111.694611"><ele>3243.0</ele></trkpt>
<trkpt lat="35.338912" lon="-111.694657"><ele>3242.0</ele></trkpt>
<trkpt lat="35.339038" lon="-111.694733"><ele>3236.0</ele></trkpt>
<trkpt lat="35.339157" lon="-111.694771"><ele>3232.0</ele></trkpt>
<trkpt lat="35.339202" lon="-111.694817"><ele>3229.0</ele></trkpt>
<trkpt lat="35.339218" lon="-111.694916"><ele>3224.0</ele></trkpt>
<trkpt lat="35.339179" lon="-111.694985"><ele>3221.0</ele></trkpt>
<trkpt lat="35.339069" lon="-111.695054"><ele>3220.0</ele></trkpt>
<trkpt lat="35.338691" lon="-111.695153"><ele>3218.0</ele></trkpt>
<trkpt lat="35.338417" lon="-111.69529"><ele>3212.0</ele></trkpt>
<trkpt lat="35.3381" lon="-111.695344"><ele>3208.0</ele></trkpt>
<trkpt lat="35.337703" lon="-111.695366"><ele>3204.0</ele></trkpt>
<trkpt lat="35.337551" lon="-111.695282"><ele>3205.0</ele></trkpt>
<trkpt lat="35.337482" lon="-111.695229"><ele>3205.0</ele></trkpt>
<trkpt lat="35.337295" lon="-111.695122"><ele>3203.0</ele></trkpt>
<trkpt lat="35.337226" lon="-111.695076"><ele>3202.0</ele></trkpt>
<trkpt lat="35.337158" lon="-111.695069"><ele>3201.0</ele></trkpt>
<trkpt lat="35.337093" lon="-111.695031"><ele>3200.0</ele></trkpt>
<trkpt lat="35.33702" lon="-111.694977"><ele>3199.0</ele></trkpt>
<trkpt lat="35.336959" lon="-111.694893"><ele>3200.0</ele></trkpt>
<trkpt lat="35.33691" lon="-111.694832"><ele>3200.0</ele></trkpt>
<trkpt lat="35.33686" lon="-111.694741"><ele>3202.0</ele></trkpt>
<trkpt lat="35.336784" lon="-111.694665"><ele>3204.0</ele></trkpt>
<trkpt lat="35.336715" lon="-111.694642"><ele>3204.0</ele></trkpt>
<trkpt lat="35.336666" lon="-111.694703"><ele>3201.0</ele></trkpt>
<trkpt lat="35.336631" lon="-111.694832"><ele>3197.0</ele></trkpt>
<trkpt lat="35.336616" lon="-111.694939"><ele>3194.0</ele></trkpt>
<trkpt lat="35.336536" lon="-111.695099"><ele>3190.0</ele></trkpt>
<trkpt lat="35.336483" lon="-111.695221"><ele>3187.0</ele></trkpt>
<trkpt lat="35.336364" lon="-111.695336"><ele>3184.0</ele></trkpt>
<trkpt lat="35.336273" lon="-111.695405"><ele>3184.0</ele></trkpt>
<trkpt lat="35.336181" lon="-111.695443"><ele>3185.0</ele></trkpt>
<trkpt lat="35.336112" lon="-111.695527"><ele>3185.0</ele></trkpt>
<trkpt lat="35.336013" lon="-111.695694"><ele>3179.0</ele></trkpt>
<trkpt lat="35.33599" lon="-111.695878"><ele>3173.0</ele></trkpt>
<trkpt lat="35.335914" lon="-111.695992"><ele>3170.0</ele></trkpt>
<trkpt lat="35.335857" lon="-111.696068"><ele>3169.0</ele></trkpt>
<trkpt lat="35.335716" lon="-111.69619"><ele>3168.0</ele></trkpt>
<trkpt lat="35.335525" lon="-111.696312"><ele>3171.0</ele></trkpt>
<trkpt lat="35.33533" lon="-111.696511"><ele>3169.0</ele></trkpt>
<trkpt lat="35.33514" lon="-111.696808"><ele>3163.0</ele></trkpt>
<trkpt lat="35.335041" lon="-111.696961"><ele>3161.0</ele></trkpt>
<trkpt lat="35.334869" lon="-111.697114"><ele>3155.0</ele></trkpt>
<trkpt lat="35.334667" lon="-111.697236"><ele>3147.0</ele></trkpt>
<trkpt lat="35.334449" lon="-111.697342"><ele>3144.0</ele></trkpt>
<trkpt lat="35.334262" lon="-111.697365"><ele>3143.0</ele></trkpt>
<trkpt lat="35.334033" lon="-111.697426"><ele>3140.0</ele></trkpt>
<trkpt lat="35.333812" lon="-111.697472"><ele>3135.0</ele></trkpt>
<trkpt lat="35.333629" lon="-111.697564"><ele>3130.0</ele></trkpt>
<trkpt lat="35.333538" lon="-111.697587"><ele>3128.0</ele></trkpt>
<trkpt lat="35.333515" lon="-111.697663"><ele>3126.0</ele></trkpt>
<trkpt lat="35.333545" lon="-111.697732"><ele>3126.0</ele></trkpt>
<trkpt lat="35.333648" lon="-111.697823"><ele>3126.0</ele></trkpt>
<trkpt lat="35.333782" lon="-111.697899"><ele>3126.0</ele></trkpt>
<trkpt lat="35.33393" lon="-111.697999"><ele>3125.0</ele></trkpt>
<trkpt lat="35.334041" lon="-111.698067"><ele>3123.0</ele></trkpt>
<trkpt lat="35.33427" lon="-111.69822"><ele>3119.0</ele></trkpt>
<trkpt lat="35.334339" lon="-111.69825"><ele>3118.0</ele></trkpt>
<trkpt lat="35.334457" lon="-111.698304"><ele>3118.0</ele></trkpt>
<trkpt lat="35.334568" lon="-111.698334"><ele>3117.0</ele></trkpt>
<trkpt lat="35.33472" lon="-111.698357"><ele>3116.0</ele></trkpt>
<trkpt lat="35.334865" lon="-111.698357"><ele>3115.0</ele></trkpt>
<trkpt lat="35.335018" lon="-111.698365"><ele>3113.0</ele></trkpt>
<trkpt lat="35.335166" lon="-111.698342"><ele>3110.0</ele></trkpt>
<trkpt lat="35.335231" lon="-111.698311"><ele>3110.0</ele></trkpt>
<trkpt lat="35.335559" lon="-111.698197"><ele>3107.0</ele></trkpt>
<trkpt lat="35.335693" lon="-111.698174"><ele>3105.0</ele></trkpt>
<trkpt lat="35.335815" lon="-111.698151"><ele>3104.0</ele></trkpt>
<trkpt lat="35.335945" lon="-111.698113"><ele>3103.0</ele></trkpt>
<trkpt lat="35.336082" lon="-111.698113"><ele>3101.0</ele></trkpt>
<trkpt lat="35.336158" lon="-111.698113"><ele>3101.0</ele></trkpt>
<trkpt lat="35.336196" lon="-111.698128"><ele>3100.0</ele></trkpt>
<trkpt lat="35.336212" lon="-111.69825"><ele>3097.0</ele></trkpt>
<trkpt lat="35.33625" lon="-111.698365"><ele>3094.0</ele></trkpt>
<trkpt lat="35.336254" lon="-111.698456"><ele>3091.0</ele></trkpt>
<trkpt lat="35.336257" lon="-111.698533"><ele>3088.0</ele></trkpt>
<trkpt lat="35.336292" lon="-111.698594"><ele>3086.0</ele></trkpt>
<trkpt lat="35.336376" lon="-111.698647"><ele>3084.0</ele></trkpt>
<trkpt lat="35.33646" lon="-111.698708"><ele>3082.0</ele></trkpt>
<trkpt lat="35.33649" lon="-111.698769"><ele>3081.0</ele></trkpt>
<trkpt lat="35.336532" lon="-111.698853"><ele>3079.0</ele></trkpt>
<trkpt lat="35.336658" lon="-111.699013"><ele>3076.0</ele></trkpt>
<trkpt lat="35.336723" lon="-111.699189"><ele>3074.0</ele></trkpt>
<trkpt lat="35.33678" lon="-111.699326"><ele>3072.0</ele></trkpt>
<trkpt lat="35.336845" lon="-111.69941"><ele>3072.0</ele></trkpt>
<trkpt lat="35.336914" lon="-111.699509"><ele>3070.0</ele></trkpt>
<trkpt lat="35.337032" lon="-111.699593"><ele>3069.0</ele></trkpt>
<trkpt lat="35.337131" lon="-111.699692"><ele>3067.0</ele></trkpt>
<trkpt lat="35.337234" lon="-111.699738"><ele>3067.0</ele></trkpt>
<trkpt lat="35.337375" lon="-111.699791"><ele>3067.0</ele></trkpt>
<trkpt lat="35.33749" lon="-111.699875"><ele>3066.0</ele></trkpt>
<trkpt lat="35.337615" lon="-111.699936"><ele>3066.0</ele></trkpt>
<trkpt lat="35.337734" lon="-111.69999"><ele>3065.0</ele></trkpt>
<trkpt lat="35.337852" lon="-111.70002"><ele>3064.0</ele></trkpt>
<trkpt lat="35.338027" lon="-111.700058"><ele>3062.0</ele></trkpt>
<trkpt lat="35.338184" lon="-111.700058"><ele>3060.0</ele></trkpt>
<trkpt lat="35.338245" lon="-111.700058"><ele>3059.0</ele></trkpt>
<trkpt lat="35.338459" lon="-111.700165"><ele>3054.0</ele></trkpt>
<trkpt lat="35.338581" lon="-111.700211"><ele>3052.0</ele></trkpt>
<trkpt lat="35.338729" lon="-111.700272"><ele>3050.0</ele></trkpt>
<trkpt lat="35.338851" lon="-111.700326"><ele>3047.0</ele></trkpt>
<trkpt lat="35.338897" lon="-111.700402"><ele>3045.0</ele></trkpt>
<trkpt lat="35.338924" lon="-111.700486"><ele>3043.0</ele></trkpt>
<trkpt lat="35.338901" lon="-111.700547"><ele>3042.0</ele></trkpt>
<trkpt lat="35.338813" lon="-111.700661"><ele>3040.0</ele></trkpt>
<trkpt lat="35.338611" lon="-111.700867"><ele>3035.0</ele></trkpt>
<trkpt lat="35.338508" lon="-111.700951"><ele>3033.0</ele></trkpt>
<trkpt lat="35.338359" lon="-111.70102"><ele>3032.0</ele></trkpt>
<trkpt lat="35.338153" lon="-111.701188"><ele>3028.0</ele></trkpt>
<trkpt lat="35.338031" lon="-111.701272"><ele>3027.0</ele></trkpt>
<trkpt lat="35.337905" lon="-111.701371"><ele>3025.0</ele></trkpt>
<trkpt lat="35.337623" lon="-111.701546"><ele>3022.0</ele></trkpt>
<trkpt lat="35.337455" lon="-111.701623"><ele>3021.0</ele></trkpt>
<trkpt lat="35.337173" lon="-111.701737"><ele>3014.0</ele></trkpt>
<trkpt lat="35.336956" lon="-111.701821"><ele>3010.0</ele></trkpt>
<trkpt lat="35.336811" lon="-111.701829"><ele>3009.0</ele></trkpt>
<trkpt lat="35.336677" lon="-111.701806"><ele>3009.0</ele></trkpt>
<trkpt lat="35.336502" lon="-111.701783"><ele>3008.0</ele></trkpt>
<trkpt lat="35.336261" lon="-111.701806"><ele>3007.0</ele></trkpt>
<trkpt lat="35.336154" lon="-111.701813"><ele>3006.0</ele></trkpt>
<trkpt lat="35.336036" lon="-111.701806"><ele>3008.0</ele></trkpt>
<trkpt lat="35.335971" lon="-111.70192"><ele>3007.0</ele></trkpt>
<trkpt lat="35.33588" lon="-111.702187"><ele>3005.0</ele></trkpt>
<trkpt lat="35.3358" lon="-111.702332"><ele>3003.0</ele></trkpt>
<trkpt lat="35.335674" lon="-111.702515"><ele>3001.0</ele></trkpt>
<trkpt lat="35.335536" lon="-111.702691"><ele>2999.0</ele></trkpt>
<trkpt lat="35.335418" lon="-111.702935"><ele>2993.0</ele></trkpt>
<trkpt lat="35.335254" lon="-111.70308"><ele>2991.0</ele></trkpt>
<trkpt lat="35.335113" lon="-111.703225"><ele>2988.0</ele></trkpt>
<trkpt lat="35.335021" lon="-111.703324"><ele>2986.0</ele></trkpt>
<trkpt lat="35.334884" lon="-111.703461"><ele>2983.0</ele></trkpt>
<trkpt lat="35.334804" lon="-111.703576"><ele>2980.0</ele></trkpt>
<trkpt lat="35.334709" lon="-111.703621"><ele>2980.0</ele></trkpt>
<trkpt lat="35.334594" lon="-111.703698"><ele>2978.0</ele></trkpt>
<trkpt lat="35.334594" lon="-111.703766"><ele>2976.0</ele></trkpt>
<trkpt lat="35.334594" lon="-111.703827"><ele>2974.0</ele></trkpt>
<trkpt lat="35.334636" lon="-111.703919"><ele>2972.0</ele></trkpt>
<trkpt lat="35.334743" lon="-111.703957"><ele>2970.0</ele></trkpt>
<trkpt lat="35.334884" lon="-111.704011"><ele>2968.0</ele></trkpt>
<trkpt lat="35.335174" lon="-111.70411"><ele>2963.0</ele></trkpt>
<trkpt lat="35.335403" lon="-111.704178"><ele>2959.0</ele></trkpt>
<trkpt lat="35.335578" lon="-111.704217"><ele>2957.0</ele></trkpt>
<trkpt lat="35.335884" lon="-111.704278"><ele>2955.0</ele></trkpt>
<trkpt lat="35.336139" lon="-111.704377"><ele>2949.0</ele></trkpt>
<trkpt lat="35.336257" lon="-111.704445"><ele>2947.0</ele></trkpt>
<trkpt lat="35.336307" lon="-111.704545"><ele>2945.0</ele></trkpt>
<trkpt lat="35.336357" lon="-111.704697"><ele>2942.0</ele></trkpt>
<trkpt lat="35.33646" lon="-111.704827"><ele>2940.0</ele></trkpt>
<trkpt lat="35.336563" lon="-111.704926"><ele>2938.0</ele></trkpt>
<trkpt lat="35.33665" lon="-111.705018"><ele>2937.0</ele></trkpt>
<trkpt lat="35.336723" lon="-111.705109"><ele>2935.0</ele></trkpt>
<trkpt lat="35.336936" lon="-111.705315"><ele>2932.0</ele></trkpt>
<trkpt lat="35.337017" lon="-111.705414"><ele>2931.0</ele></trkpt>
<trkpt lat="35.337097" lon="-111.705552"><ele>2929.0</ele></trkpt>
<trkpt lat="35.337238" lon="-111.705704"><ele>2926.0</ele></trkpt>
<trkpt lat="35.337398" lon="-111.705849"><ele>2923.0</ele></trkpt>
<trkpt lat="35.337577" lon="-111.70591"><ele>2921.0</ele></trkpt>
<trkpt lat="35.337821" lon="-111.705971"><ele>2920.0</ele></trkpt>
<trkpt lat="35.337944" lon="-111.706131"><ele>2916.0</ele></trkpt>
<trkpt lat="35.337989" lon="-111.706246"><ele>2914.0</ele></trkpt>
<trkpt lat="35.33794" lon="-111.706345"><ele>2912.0</ele></trkpt>
<trkpt lat="35.337722" lon="-111.706711"><ele>2908.0</ele></trkpt>
<trkpt lat="35.33757" lon="-111.706841"><ele>2907.0</ele></trkpt>
<trkpt lat="35.337432" lon="-111.707299"><ele>2899.0</ele></trkpt>
<trkpt lat="35.337253" lon="-111.707581"><ele>2897.0</ele></trkpt>
<trkpt lat="35.337093" lon="-111.707802"><ele>2894.0</ele></trkpt>
<trkpt lat="35.336944" lon="-111.707985"><ele>2890.0</ele></trkpt>
<trkpt lat="35.33686" lon="-111.70813"><ele>2886.0</ele></trkpt>
<trkpt lat="35.336761" lon="-111.708199"><ele>2884.0</ele></trkpt>
<trkpt lat="35.336647" lon="-111.708268"><ele>2882.0</ele></trkpt>
<trkpt lat="35.336429" lon="-111.708367"><ele>2878.0</ele></trkpt>
<trkpt lat="35.336292" lon="-111.70842"><ele>2877.0</ele></trkpt>
<trkpt lat="35.336193" lon="-111.708489"><ele>2876.0</ele></trkpt>
<trkpt lat="35.336071" lon="-111.708573"><ele>2875.0</ele></trkpt>
<trkpt lat="35.335994" lon="-111.708718"><ele>2874.0</ele></trkpt>
<trkpt lat="35.335899" lon="-111.708832"><ele>2872.0</ele></trkpt>
<trkpt lat="35.335746" lon="-111.708954"><ele>2869.0</ele></trkpt>
<trkpt lat="35.335636" lon="-111.709069"><ele>2866.0</ele></trkpt>
<trkpt lat="35.335369" lon="-111.709214"><ele>2862.0</ele></trkpt>
<trkpt lat="35.335208" lon="-111.709214"><ele>2860.0</ele></trkpt>
<trkpt lat="35.335094" lon="-111.709267"><ele>2858.0</ele></trkpt>
<trkpt lat="35.334983" lon="-111.709321"><ele>2856.0</ele></trkpt>
<trkpt lat="35.334907" lon="-111.709366"><ele>2855.0</ele></trkpt>
<trkpt lat="35.334861" lon="-111.709427"><ele>2854.0</ele></trkpt>
<trkpt lat="35.334774" lon="-111.709488"><ele>2852.0</ele></trkpt>
<trkpt lat="35.334716" lon="-111.709549"><ele>2851.0</ele></trkpt>
<trkpt lat="35.334644" lon="-111.70958"><ele>2850.0</ele></trkpt>
<trkpt lat="35.334533" lon="-111.709656"><ele>2848.0</ele></trkpt>
<trkpt lat="35.334442" lon="-111.709694"><ele>2846.0</ele></trkpt>
<trkpt lat="35.334358" lon="-111.70971"><ele>2846.0</ele></trkpt>
<trkpt lat="35.334289" lon="-111.709748"><ele>2846.0</ele></trkpt>
<trkpt lat="35.334125" lon="-111.709801"><ele>2845.0</ele></trkpt>
<trkpt lat="35.333984" lon="-111.709878"><ele>2846.0</ele></trkpt>
<trkpt lat="35.333801" lon="-111.709954"><ele>2846.0</ele></trkpt>
<trkpt lat="35.333675" lon="-111.71"><ele>2845.0</ele></trkpt>
<trkpt lat="35.333454" lon="-111.710122"><ele>2842.0</ele></trkpt>
<trkpt lat="35.333183" lon="-111.710213"><ele>2839.0</ele></trkpt>
<trkpt lat="35.332447" lon="-111.710511"><ele>2841.0</ele></trkpt>
<trkpt lat="35.332317" lon="-111.710602"><ele>2840.0</ele></trkpt>
<trkpt lat="35.331817" lon="-111.711022"><ele>2838.0</ele></trkpt>
<trkpt lat="35.331691" lon="-111.711136"><ele>2838.0</ele></trkpt>
<trkpt lat="35.331642" lon="-111.711182"><ele>2837.0</ele></trkpt>
<trkpt lat="35.331607" lon="-111.71122"><ele>2837.0</ele></trkpt>
<trkpt lat="35.331562" lon="-111.711297"><ele>2837.0</ele></trkpt>
<trkpt lat="35.331485" lon="-111.711342"><ele>2837.0</ele></trkpt>
<trkpt lat="35.331413" lon="-111.711464"><ele>2836.0</ele></trkpt>
<trkpt lat="35.331272" lon="-111.711625"><ele>2833.0</ele></trkpt>
<trkpt lat="35.33113" lon="-111.711632"><ele>2833.0</ele></trkpt>
<trkpt lat="35.331043" lon="-111.711648"><ele>2832.0</ele></trkpt>
<trkpt lat="35.331062" lon="-111.711724"><ele>2831.0</ele></trkpt>
<trkpt lat="35.33105" lon="-111.711838"><ele>2829.0</ele></trkpt>
<trkpt lat="35.330959" lon="-111.711937"><ele>2827.0</ele></trkpt>
<trkpt lat="35.330776" lon="-111.711937"><ele>2829.0</ele></trkpt>
</trkseg></trk></gpx>